,position,token,lemma,POS,XPOS,feats,HEAD,deprel,deps,misc
0,1,De,de,DET,LID|bep|stan|rest,Definite=Def,3,det,_,_
1,2,gouden,gouden,ADJ,ADJ|prenom|basis|zonder,Degree=Pos,3,amod,_,_
2,3,vogel,vogel,NOUN,N|soort|ev|basis|zijd|stan,Gender=Com|Number=Sing,0,root,_,SpacesAfter=\r\n\r\n\r\n
3,1,Voor,voor,ADP,VZ|init,_,3,case,_,_
4,2,lange,lang,ADJ,ADJ|prenom|basis|met-e|stan,Degree=Pos,3,amod,_,_
5,3,tijden,tijd,NOUN,N|soort|mv|basis,Number=Plur,4,obl,_,_
6,4,was,zijn,VERB,WW|pv|verl|ev,Number=Sing|Tense=Past|VerbForm=Fin,0,root,_,_
7,5,er,er,ADV,VNW|aanw|adv-pron|stan|red|3|getal,_,4,advmod,_,_
8,6,een,een,DET,LID|onbep|stan|agr,Definite=Ind,7,det,_,_
9,7,koning,koning,NOUN,N|soort|ev|basis|zijd|stan,Gender=Com|Number=Sing,4,nsubj,_,SpaceAfter=No
10,8,;,;,PUNCT,LET,_,4,punct,_,_
11,1,hij,hij,PRON,VNW|pers|pron|nomin|vol|3|ev|masc,Case=Nom|Person=3|PronType=Prs,2,nsubj,_,_
12,2,had,hebben,VERB,WW|pv|verl|ev,Number=Sing|Tense=Past|VerbForm=Fin,0,root,_,_
13,3,een,een,DET,LID|onbep|stan|agr,Definite=Ind,5,det,_,_
14,4,prachtigen,prachtigen,ADJ,ADJ|prenom|basis|zonder,Degree=Pos,5,amod,_,_
15,5,tuin,tuin,NOUN,N|soort|ev|basis|zijd|stan,Gender=Com|Number=Sing,2,obj,_,_
16,6,achter,achter,ADP,VZ|init,_,8,case,_,_
17,7,zijn,zijn,PRON,VNW|bez|det|stan|vol|3|ev|prenom|zonder|agr,Person=3|Poss=Yes|PronType=Prs,8,nmod:poss,_,_
18,8,paleis,paleis,NOUN,N|soort|ev|basis|onz|stan,Gender=Neut|Number=Sing,2,obl,_,_
19,9,en,en,CCONJ,VG|neven,_,11,cc,_,_
20,10,daarin,daarin,ADV,BW,_,11,advmod,_,_
21,11,stond,staan,VERB,WW|pv|verl|ev,Number=Sing|Tense=Past|VerbForm=Fin,2,conj,_,_
22,12,een,een,DET,LID|onbep|stan|agr,Definite=Ind,13,det,_,_
23,13,boom,boom,NOUN,N|soort|ev|basis|zijd|stan,Gender=Com|Number=Sing,11,nsubj,_,SpaceAfter=No
24,14,",",",",PUNCT,LET,_,18,punct,_,_
25,15,die,die,PRON,VNW|betr|pron|stan|vol|persoon|getal,PronType=Rel,18,nsubj,_,_
26,16,gouden,gouden,ADJ,ADJ|prenom|basis|zonder,Degree=Pos,17,amod,_,_
27,17,appelen,appeel,NOUN,N|soort|mv|basis,Number=Plur,18,obj,_,_
28,18,droeg,dragen,VERB,WW|pv|verl|ev,Number=Sing|Tense=Past|VerbForm=Fin,13,acl:relcl,_,SpaceAfter=No
29,19,.,.,PUNCT,LET,_,2,punct,_,_
30,1,Toen,toen,SCONJ,VG|onder,_,4,mark,_,_
31,2,de,de,DET,LID|bep|stan|rest,Definite=Def,3,det,_,_
32,3,appelen,appeel,NOUN,N|soort|mv|basis,Number=Plur,4,nsubj,_,_
33,4,rijpten,rijpen,VERB,WW|pv|verl|mv,Number=Plur|Tense=Past|VerbForm=Fin,7,advcl,_,_
34,5,werden,worden,AUX,WW|pv|verl|mv,Number=Plur|Tense=Past|VerbForm=Fin,7,aux:pass,_,_
35,6,zij,zij,PRON,VNW|pers|pron|nomin|vol|3p|mv,Case=Nom|Person=3|PronType=Prs,7,nsubj:pass,_,_
36,7,geteld,tellen,VERB,WW|vd|vrij|zonder,VerbForm=Part,0,root,_,SpaceAfter=No
37,8,",",",",PUNCT,LET,_,13,punct,_,_
38,9,maar,maar,CCONJ,VG|neven,_,13,cc,_,_
39,10,den,den,DET,LID|bep|stan|rest,Definite=Def,12,det,_,_
40,11,volgenden,volgen,VERB,WW|od|prenom|met-e,VerbForm=Part,12,amod,_,_
41,12,morgen,morgen,NOUN,N|soort|ev|basis|zijd|stan,Gender=Com|Number=Sing,13,obl,_,_
42,13,ontbrak,ontbreken,VERB,WW|pv|verl|ev,Number=Sing|Tense=Past|VerbForm=Fin,7,conj,_,_
43,14,er,er,ADV,VNW|aanw|adv-pron|stan|red|3|getal,_,13,advmod,_,_
44,15,al,al,ADV,BW,_,13,advmod,_,_
45,16,een,één,NUM,TW|hoofd|nom|zonder-n|basis,_,13,nsubj,_,SpaceAfter=No
46,17,.,.,PUNCT,LET,_,7,punct,_,_
47,1,Het,het,PRON,VNW|pers|pron|stan|red|3|ev|onz,Person=3|PronType=Prs,5,nsubj:pass,_,_
48,2,werd,worden,AUX,WW|pv|verl|ev,Number=Sing|Tense=Past|VerbForm=Fin,5,aux:pass,_,_
49,3,den,den,DET,LID|bep|stan|rest,Definite=Def,4,det,_,_
50,4,koning,koning,NOUN,N|soort|ev|basis|zijd|stan,Gender=Com|Number=Sing,5,iobj,_,_
51,5,gemeld,melden,VERB,WW|vd|vrij|zonder,VerbForm=Part,0,root,_,SpaceAfter=No
52,6,",",",",PUNCT,LET,_,9,punct,_,_
53,7,en,en,CCONJ,VG|neven,_,9,cc,_,_
54,8,hij,hij,PRON,VNW|pers|pron|nomin|vol|3|ev|masc,Case=Nom|Person=3|PronType=Prs,9,nsubj,_,_
55,9,beval,bevelen,VERB,WW|pv|verl|ev,Number=Sing|Tense=Past|VerbForm=Fin,5,conj,_,SpaceAfter=No
56,10,",",",",PUNCT,LET,_,19,punct,_,_
57,11,dat,dat,SCONJ,VG|onder,_,19,mark,_,_
58,12,er,er,ADV,VNW|aanw|adv-pron|stan|red|3|getal,_,19,advmod,_,_
59,13,alle,al,DET,VNW|onbep|det|stan|prenom|met-e|agr,_,14,det,_,_
60,14,nachten,nacht,NOUN,N|soort|mv|basis,Number=Plur,19,obl,_,_
61,15,onder,onder,ADP,VZ|init,_,19,compound:prt,_,_
62,16,den,den,DET,LID|bep|stan|rest,Definite=Def,15,fixed,_,_
63,17,boom,boom,NOUN,N|soort|ev|basis|zijd|stan,Gender=Com|Number=Sing,15,fixed,_,_
64,18,zou,zullen,AUX,WW|pv|verl|ev,Number=Sing|Tense=Past|VerbForm=Fin,19,aux,_,_
65,19,gewaakt,waken,VERB,WW|vd|vrij|zonder,VerbForm=Part,9,ccomp,_,_
66,20,worden,worden,AUX,WW|inf|vrij|zonder,VerbForm=Inf,19,aux:pass,_,SpaceAfter=No
67,21,.,.,PUNCT,LET,_,5,punct,_,_
68,1,De,de,DET,LID|bep|stan|rest,Definite=Def,2,det,_,_
69,2,koning,koning,NOUN,N|soort|ev|basis|zijd|stan,Gender=Com|Number=Sing,3,nsubj,_,_
70,3,had,hebben,VERB,WW|pv|verl|ev,Number=Sing|Tense=Past|VerbForm=Fin,0,root,_,_
71,4,drie,drie,NUM,TW|hoofd|prenom|stan,_,5,nummod,_,_
72,5,zonen,zone,NOUN,N|soort|mv|basis,Number=Plur,3,obj,_,SpaceAfter=No
73,6,:,:,PUNCT,LET,_,3,punct,_,_
74,1,den,den,DET,LID|bep|stan|rest,Definite=Def,2,det,_,_
75,2,oudsten,oudsten,NOUN,N|soort|mv|basis,Number=Plur,3,obj,_,_
76,3,zond,zenden,VERB,WW|pv|verl|ev,Number=Sing|Tense=Past|VerbForm=Fin,0,root,_,_
77,4,hij,hij,PRON,VNW|pers|pron|nomin|vol|3|ev|masc,Case=Nom|Person=3|PronType=Prs,3,nsubj,_,_
78,5,uit,uit,ADP,VZ|fin,_,3,compound:prt,_,_
79,6,om,om,ADP,VZ|init,_,11,mark,_,_
80,7,bij,bij,ADP,VZ|init,_,9,case,_,_
81,8,den,den,DET,LID|bep|stan|rest,Definite=Def,9,det,_,_
82,9,boom,boom,NOUN,N|soort|ev|basis|zijd|stan,Gender=Com|Number=Sing,11,obl,_,_
83,10,te,te,ADP,VZ|init,_,11,mark,_,_
84,11,waken,waken,VERB,WW|inf|vrij|zonder,VerbForm=Inf,3,advcl,_,SpaceAfter=No
85,12,",",",",PUNCT,LET,_,16,punct,_,_
86,13,toen,toen,SCONJ,VG|onder,_,16,mark,_,_
87,14,den,den,DET,LID|bep|stan|rest,Definite=Def,15,det,_,_
88,15,nacht,nacht,NOUN,N|soort|ev|basis|zijd|stan,Gender=Com|Number=Sing,16,nsubj,_,_
89,16,aanbrak,aanbreken,VERB,WW|pv|verl|ev,Number=Sing|Tense=Past|VerbForm=Fin,11,advcl,_,SpaceAfter=No
90,17,;,;,PUNCT,LET,_,3,punct,_,_
91,1,maar,maar,CCONJ,VG|neven,_,11,mark,_,_
92,2,toen,toen,SCONJ,VG|onder,_,5,mark,_,_
93,3,het,het,DET,LID|bep|stan|evon,Definite=Def,4,det,_,_
94,4,middernacht,middernacht,NOUN,N|soort|ev|basis|onz|stan,Gender=Neut|Number=Sing,5,nsubj,_,_
95,5,was,zijn,VERB,WW|pv|verl|ev,Number=Sing|Tense=Past|VerbForm=Fin,11,advcl,_,_
96,6,kon,kunnen,AUX,WW|pv|verl|ev,Number=Sing|Tense=Past|VerbForm=Fin,11,aux,_,_
97,7,hij,hij,PRON,VNW|pers|pron|nomin|vol|3|ev|masc,Case=Nom|Person=3|PronType=Prs,11,nsubj,_,_
98,8,zich,zich,PRON,VNW|refl|pron|obl|red|3|getal,Case=Acc|Person=3|PronType=Prs|Reflex=Yes,11,expl:pv,_,_
99,9,niet,niet,ADV,BW,_,11,advmod,_,_
100,10,meer,veel,ADV,VNW|onbep|grad|stan|vrij|zonder|comp,_,9,advmod,_,_
101,11,verweeren,verweeren,VERB,WW|inf|vrij|zonder,VerbForm=Inf,0,root,_,_
102,12,tegen,tegen,ADP,VZ|init,_,14,case,_,_
103,13,den,den,DET,LID|bep|stan|rest,Definite=Def,14,det,_,_
104,14,slaap,slaap,NOUN,N|soort|ev|basis|zijd|stan,Gender=Com|Number=Sing,11,obl,_,_
105,15,en,en,CCONJ,VG|neven,_,18,cc,_,_
106,16,’s,’s,DET,LID|bep|gen|evmo,Definite=Def,18,obl,_,_
107,17,morgens,morgens,NOUN,N|soort|ev|basis|gen,Number=Sing,16,fixed,_,_
108,18,miste,missen,VERB,WW|pv|verl|ev,Number=Sing|Tense=Past|VerbForm=Fin,11,conj,_,_
109,19,men,men,PRON,VNW|pers|pron|nomin|red|3p|ev|masc,Case=Nom|Person=3|PronType=Prs,18,nsubj,_,_
110,20,weêr,weêr,ADV,BW,_,18,advmod,_,_
111,21,een,een,DET,LID|onbep|stan|agr,Definite=Ind,22,det,_,_
112,22,appel,appel,NOUN,N|soort|ev|basis|zijd|stan,Gender=Com|Number=Sing,18,obj,_,SpaceAfter=No
113,23,.,.,PUNCT,LET,_,11,punct,_,_
114,1,Den,den,DET,LID|bep|gen|evmo,Definite=Def,2,det,_,_
115,2,nacht,nacht,NOUN,N|soort|ev|basis|zijd|stan,Gender=Com|Number=Sing,8,obl,_,_
116,3,daarop,daarop,ADV,BW,_,2,amod,_,_
117,4,moest,moeten,AUX,WW|pv|verl|ev,Number=Sing|Tense=Past|VerbForm=Fin,8,aux,_,_
118,5,de,de,DET,LID|bep|stan|rest,Definite=Def,7,det,_,_
119,6,tweede,twee,ADJ,TW|rang|prenom|stan,_,7,amod,_,_
120,7,zoon,zoon,NOUN,N|soort|ev|basis|zijd|stan,Gender=Com|Number=Sing,8,nsubj,_,_
121,8,waken,waken,VERB,WW|inf|vrij|zonder,VerbForm=Inf,0,root,_,SpaceAfter=No
122,9,",",",",PUNCT,LET,_,12,punct,_,_
123,10,maar,maar,CCONJ,VG|neven,_,12,cc,_,_
124,11,hem,hem,PRON,VNW|pers|pron|obl|vol|3|ev|masc,Case=Acc|Person=3|PronType=Prs,12,iobj,_,_
125,12,ging,gaan,VERB,WW|pv|verl|ev,Number=Sing|Tense=Past|VerbForm=Fin,8,conj,_,_
126,13,het,het,PRON,VNW|pers|pron|stan|red|3|ev|onz,Person=3|PronType=Prs,12,nsubj,_,_
127,14,niet,niet,ADV,BW,_,12,advmod,_,_
128,15,beter,goed,ADJ,ADJ|vrij|comp|zonder,Degree=Cmp,12,xcomp,_,SpaceAfter=No
129,16,",",",",PUNCT,LET,_,22,punct,_,_
130,17,om,om,ADP,VZ|init,_,18,case,_,_
131,18,twaalf,twaalf,NUM,TW|hoofd|vrij,_,22,obl,_,_
132,19,uur,uur,NOUN,N|soort|ev|basis|onz|stan,Gender=Neut|Number=Sing,18,fixed,_,_
133,20,te,te,ADP,VZ|init,_,21,case,_,_
134,21,middernacht,middernacht,NOUN,N|soort|ev|basis|zijd|stan,Gender=Com|Number=Sing,18,nmod,_,_
135,22,sliep,slapen,VERB,WW|pv|verl|ev,Number=Sing|Tense=Past|VerbForm=Fin,8,parataxis,_,_
136,23,hij,hij,PRON,VNW|pers|pron|nomin|vol|3|ev|masc,Case=Nom|Person=3|PronType=Prs,22,nsubj,_,_
137,24,in,in,ADP,VZ|fin,_,22,compound:prt,_,_
138,25,en,en,CCONJ,VG|neven,_,28,cc,_,_
139,26,’s,’s,DET,LID|bep|gen|evmo,Definite=Def,28,obl,_,_
140,27,morgens,morgens,NOUN,N|soort|ev|basis|gen,Number=Sing,26,fixed,_,_
141,28,ontbrak,ontbreken,VERB,WW|pv|verl|ev,Number=Sing|Tense=Past|VerbForm=Fin,8,conj,_,_
142,29,er,er,ADV,VNW|aanw|adv-pron|stan|red|3|getal,_,28,advmod,_,_
143,30,een,een,DET,LID|onbep|stan|agr,Definite=Ind,31,det,_,_
144,31,appel,appel,NOUN,N|soort|ev|basis|zijd|stan,Gender=Com|Number=Sing,28,nsubj,_,SpaceAfter=No
145,32,.,.,PUNCT,LET,_,8,punct,_,_
146,1,Nu,nu,ADV,BW,_,2,advmod,_,_
147,2,kwam,komen,VERB,WW|pv|verl|ev,Number=Sing|Tense=Past|VerbForm=Fin,0,root,_,_
148,3,de,de,DET,LID|bep|stan|rest,Definite=Def,4,det,_,_
149,4,beurt,beurt,NOUN,N|soort|ev|basis|zijd|stan,Gender=Com|Number=Sing,2,nsubj,_,_
150,5,aan,aan,ADP,VZ|init,_,8,case,_,_
151,6,den,den,DET,LID|bep|stan|rest,Definite=Def,8,det,_,_
152,7,derden,drie,ADJ,TW|rang|prenom|stan,_,8,amod,_,_
153,8,zoon,zoon,NOUN,N|soort|ev|basis|zijd|stan,Gender=Com|Number=Sing,2,obl,_,_
154,9,en,en,CCONJ,VG|neven,_,13,cc,_,_
155,10,hij,hij,PRON,VNW|pers|pron|nomin|vol|3|ev|masc,Case=Nom|Person=3|PronType=Prs,13,nsubj,_,_
156,11,was,zijn,AUX,WW|pv|verl|ev,Number=Sing|Tense=Past|VerbForm=Fin,13,cop,_,_
157,12,ook,ook,ADV,BW,_,13,advmod,_,_
158,13,bereid,bereid,ADJ,ADJ|vrij|basis|zonder,Degree=Pos,2,conj,_,SpaceAfter=No
159,14,",",",",PUNCT,LET,_,18,punct,_,_
160,15,maar,maar,CCONJ,VG|neven,_,18,cc,_,_
161,16,de,de,DET,LID|bep|stan|rest,Definite=Def,17,det,_,_
162,17,koning,koning,NOUN,N|soort|ev|basis|zijd|stan,Gender=Com|Number=Sing,18,nsubj,_,_
163,18,had,hebben,VERB,WW|pv|verl|ev,Number=Sing|Tense=Past|VerbForm=Fin,2,conj,_,_
164,19,niet,niet,ADV,BW,_,20,amod,_,_
165,20,veel,veel,DET,VNW|onbep|grad|stan|prenom|zonder|agr|basis,_,21,det,_,_
166,21,verwachting,verwachting,NOUN,N|soort|ev|basis|zijd|stan,Gender=Com|Number=Sing,18,obj,_,_
167,22,van,van,ADP,VZ|init,_,23,case,_,_
168,23,hem,hem,PRON,VNW|pers|pron|obl|vol|3|ev|masc,Case=Acc|Person=3|PronType=Prs,21,nmod,_,_
169,24,en,en,CCONJ,VG|neven,_,25,cc,_,_
170,25,meende,menen,VERB,WW|pv|verl|ev,Number=Sing|Tense=Past|VerbForm=Fin,2,conj,_,_
171,26,dat,dat,SCONJ,VG|onder,_,31,mark,_,_
172,27,hij,hij,PRON,VNW|pers|pron|nomin|vol|3|ev|masc,Case=Nom|Person=3|PronType=Prs,31,nsubj,_,_
173,28,nog,nog,ADV,BW,_,29,advmod,_,_
174,29,minder,minder,PRON,VNW|onbep|grad|stan|vrij|zonder|comp,PronType=Ind,31,obj,_,_
175,30,zou,zullen,AUX,WW|pv|verl|ev,Number=Sing|Tense=Past|VerbForm=Fin,31,aux,_,_
176,31,uitrichten,uitrichten,VERB,WW|inf|vrij|zonder,VerbForm=Inf,25,ccomp,_,_
177,32,dan,dan,SCONJ,VG|onder,_,34,mark,_,_
178,33,zijn,zijn,PRON,VNW|bez|det|stan|vol|3|ev|prenom|zonder|agr,Person=3|Poss=Yes|PronType=Prs,34,nmod:poss,_,_
179,34,broêrs,broêr,NOUN,N|soort|mv|basis,Number=Plur,29,advcl,_,SpaceAfter=No
180,35,",",",",PUNCT,LET,_,38,punct,_,_
181,36,maar,maar,CCONJ,VG|neven,_,38,cc,_,_
182,37,hij,hij,PRON,VNW|pers|pron|nomin|vol|3|ev|masc,Case=Nom|Person=3|PronType=Prs,38,nsubj,_,_
183,38,gaf,geven,VERB,WW|pv|verl|ev,Number=Sing|Tense=Past|VerbForm=Fin,2,conj,_,_
184,39,hem,hem,PRON,VNW|pers|pron|obl|vol|3|ev|masc,Case=Acc|Person=3|PronType=Prs,43,iobj,_,_
185,40,toch,toch,ADV,BW,_,43,advmod,_,_
186,41,verlof,verlof,NOUN,N|soort|ev|basis|onz|stan,Gender=Neut|Number=Sing,43,obj,_,_
187,42,te,te,ADP,VZ|init,_,43,mark,_,_
188,43,gaan,gaan,VERB,WW|inf|vrij|zonder,VerbForm=Inf,38,xcomp,_,SpaceAfter=No
189,44,.,.,PUNCT,LET,_,2,punct,_,_
190,45,[136],[136],NUM,TW|hoofd|vrij,_,48,parataxis,_,SpaceAfter=No
191,46,De,de,DET,LID|bep|stan|rest,Definite=Def,47,det,_,_
192,47,jongeling,jongeling,NOUN,N|soort|ev|basis|zijd|stan,Gender=Com|Number=Sing,48,nsubj,_,_
193,48,legde,leggen,VERB,WW|pv|verl|ev,Number=Sing|Tense=Past|VerbForm=Fin,2,parataxis,_,_
194,49,zich,zich,PRON,VNW|refl|pron|obl|red|3|getal,Case=Acc|Person=3|PronType=Prs|Reflex=Yes,48,expl:pv,_,_
195,50,onder,onder,ADP,VZ|init,_,48,compound:prt,_,_
196,51,den,den,DET,LID|bep|stan|rest,Definite=Def,50,fixed,_,_
197,52,boom,boom,NOUN,N|soort|ev|basis|zijd|stan,Gender=Com|Number=Sing,50,fixed,_,_
198,53,en,en,CCONJ,VG|neven,_,54,cc,_,_
199,54,bleef,blijven,VERB,WW|pv|verl|ev,Number=Sing|Tense=Past|VerbForm=Fin,48,conj,_,_
200,55,waken,waken,VERB,WW|inf|vrij|zonder,VerbForm=Inf,54,xcomp,_,SpaceAfter=No
201,56,;,;,PUNCT,LET,_,2,punct,_,_
202,1,hij,hij,PRON,VNW|pers|pron|nomin|vol|3|ev|masc,Case=Nom|Person=3|PronType=Prs,2,nsubj,_,_
203,2,liet,laten,VERB,WW|pv|verl|ev,Number=Sing|Tense=Past|VerbForm=Fin,0,root,_,_
204,3,den,den,DET,LID|bep|stan|rest,Definite=Def,4,det,_,_
205,4,slaap,slaap,NOUN,N|soort|ev|basis|zijd|stan,Gender=Com|Number=Sing,9,obj,_,_
206,5,niet,niet,ADV,BW,_,9,advmod,_,_
207,6,over,over,ADP,VZ|init,_,7,case,_,_
208,7,zich,zich,PRON,VNW|refl|pron|obl|red|3|getal,Case=Acc|Person=3|PronType=Prs|Reflex=Yes,9,obl,_,_
209,8,baas,baas,ADJ,ADJ|vrij|basis|zonder,Degree=Pos,9,xcomp,_,_
210,9,worden,worden,VERB,WW|inf|vrij|zonder,VerbForm=Inf,2,xcomp,_,SpaceAfter=No
211,10,.,.,PUNCT,LET,_,2,punct,_,_
212,1,Toen,toen,SCONJ,VG|onder,_,5,mark,_,_
213,2,het,het,PRON,VNW|pers|pron|stan|red|3|ev|onz,Person=3|PronType=Prs,5,nsubj,_,_
214,3,twaalf,twaalf,NUM,TW|hoofd|prenom|stan,_,4,nummod,_,_
215,4,uur,uur,NOUN,N|soort|ev|basis|onz|stan,Gender=Neut|Number=Sing,5,obl,_,_
216,5,sloeg,slaan,VERB,WW|pv|verl|ev,Number=Sing|Tense=Past|VerbForm=Fin,7,advcl,_,SpaceAfter=No
217,6,",",",",PUNCT,LET,_,5,punct,_,_
218,7,ruischte,ruischen,VERB,WW|pv|verl|ev,Number=Sing|Tense=Past|VerbForm=Fin,0,root,_,_
219,8,het,het,PRON,VNW|pers|pron|stan|red|3|ev|onz,Person=3|PronType=Prs,7,nsubj,_,_
220,9,in,in,ADP,VZ|init,_,11,case,_,_
221,10,de,de,DET,LID|bep|stan|rest,Definite=Def,11,det,_,_
222,11,lucht,lucht,NOUN,N|soort|ev|basis|zijd|stan,Gender=Com|Number=Sing,7,obl,_,_
223,12,en,en,CCONJ,VG|neven,_,14,cc,_,_
224,13,hij,hij,PRON,VNW|pers|pron|nomin|vol|3|ev|masc,Case=Nom|Person=3|PronType=Prs,14,nsubj,_,_
225,14,zag,zien,VERB,WW|pv|verl|ev,Number=Sing|Tense=Past|VerbForm=Fin,7,conj,_,_
226,15,in,in,ADP,VZ|init,_,17,case,_,_
227,16,den,den,DET,LID|bep|stan|rest,Definite=Def,17,det,_,_
228,17,maneschijn,maneschijn,NOUN,N|soort|ev|basis|zijd|stan,Gender=Com|Number=Sing,14,obl,_,_
229,18,een,een,DET,LID|onbep|stan|agr,Definite=Ind,19,det,_,_
230,19,vogel,vogel,NOUN,N|soort|ev|basis|zijd|stan,Gender=Com|Number=Sing,20,obj,_,_
231,20,vliegen,vliegen,VERB,WW|inf|vrij|zonder,VerbForm=Inf,14,xcomp,_,_
232,21,met,met,ADP,VZ|init,_,24,case,_,_
233,22,glanzend,glanzend,ADJ,ADJ|prenom|basis|zonder,Degree=Pos,23,amod,_,_
234,23,goud,goud,NOUN,N|soort|ev|basis|onz|stan,Gender=Neut|Number=Sing,24,nmod,_,_
235,24,gevederte,gevederte,NOUN,N|soort|ev|basis|zijd|stan,Gender=Com|Number=Sing,19,nmod,_,SpaceAfter=No
236,25,.,.,PUNCT,LET,_,7,punct,_,_
237,1,De,de,DET,LID|bep|stan|rest,Definite=Def,2,det,_,_
238,2,vogel,vogel,NOUN,N|soort|ev|basis|zijd|stan,Gender=Com|Number=Sing,3,nsubj,_,_
239,3,liet,laten,VERB,WW|pv|verl|ev,Number=Sing|Tense=Past|VerbForm=Fin,0,root,_,_
240,4,zich,zich,PRON,VNW|refl|pron|obl|red|3|getal,Case=Acc|Person=3|PronType=Prs|Reflex=Yes,3,obj,_,_
241,5,op,op,ADP,VZ|init,_,7,case,_,_
242,6,den,den,DET,LID|bep|stan|rest,Definite=Def,7,det,_,_
243,7,boom,boom,NOUN,N|soort|ev|basis|zijd|stan,Gender=Com|Number=Sing,3,obl,_,_
244,8,neêr,neêr,ADV,BW,_,3,compound:prt,_,_
245,9,en,en,CCONJ,VG|neven,_,16,cc,_,_
246,10,hij,hij,PRON,VNW|pers|pron|nomin|vol|3|ev|masc,Case=Nom|Person=3|PronType=Prs,16,nsubj,_,_
247,11,had,hebben,AUX,WW|pv|verl|ev,Number=Sing|Tense=Past|VerbForm=Fin,16,aux,_,_
248,12,juist,juist,ADV,BW,_,16,advmod,_,_
249,13,even,even,ADV,BW,_,16,advmod,_,_
250,14,een,een,DET,LID|onbep|stan|agr,Definite=Ind,15,det,_,_
251,15,appel,appel,NOUN,N|soort|ev|basis|zijd|stan,Gender=Com|Number=Sing,16,obj,_,_
252,16,aangepikt,aanpikken,VERB,WW|vd|vrij|zonder,VerbForm=Part,3,conj,_,_
253,17,toen,toen,SCONJ,VG|onder,_,24,mark,_,_
254,18,de,de,DET,LID|bep|stan|rest,Definite=Def,19,det,_,_
255,19,jongeling,jongeling,NOUN,N|soort|ev|basis|zijd|stan,Gender=Com|Number=Sing,24,nsubj,_,_
256,20,een,een,DET,LID|onbep|stan|agr,Definite=Ind,21,det,_,_
257,21,pijl,pijl,NOUN,N|soort|ev|basis|zijd|stan,Gender=Com|Number=Sing,24,obj,_,_
258,22,op,op,ADP,VZ|init,_,23,case,_,_
259,23,hem,hem,PRON,VNW|pers|pron|obl|vol|3|ev|masc,Case=Acc|Person=3|PronType=Prs,24,obl,_,_
260,24,afschoot,afschieten,VERB,WW|pv|verl|ev,Number=Sing|Tense=Past|VerbForm=Fin,16,advcl,_,SpaceAfter=No
261,25,.,.,PUNCT,LET,_,3,punct,_,_
262,1,De,de,DET,LID|bep|stan|rest,Definite=Def,2,det,_,_
263,2,vogel,vogel,NOUN,N|soort|ev|basis|zijd|stan,Gender=Com|Number=Sing,3,nsubj,_,_
264,3,vloog,vliegen,VERB,WW|pv|verl|ev,Number=Sing|Tense=Past|VerbForm=Fin,0,root,_,_
265,4,weg,weg,ADV,BW,_,3,compound:prt,_,SpaceAfter=No
266,5,",",",",PUNCT,LET,_,12,punct,_,_
267,6,maar,maar,CCONJ,VG|neven,_,12,cc,_,_
268,7,de,de,DET,LID|bep|stan|rest,Definite=Def,8,det,_,_
269,8,pijl,pijl,NOUN,N|soort|ev|basis|zijd|stan,Gender=Com|Number=Sing,12,nsubj,_,_
270,9,had,hebben,AUX,WW|pv|verl|ev,Number=Sing|Tense=Past|VerbForm=Fin,12,aux,_,_
271,10,zijn,zijn,PRON,VNW|bez|det|stan|vol|3|ev|prenom|zonder|agr,Person=3|Poss=Yes|PronType=Prs,11,nmod:poss,_,_
272,11,veêren,veêr,NOUN,N|soort|mv|basis,Number=Plur,12,obj,_,_
273,12,getroffen,treffen,VERB,WW|vd|vrij|zonder,VerbForm=Part,3,conj,_,_
274,13,en,en,CCONJ,VG|neven,_,19,cc,_,_
275,14,een,een,NUM,TW|hoofd|vrij,_,19,nsubj,_,_
276,15,van,van,ADP,VZ|init,_,18,case,_,_
277,16,zijn,zijn,PRON,VNW|bez|det|stan|vol|3|ev|prenom|zonder|agr,Person=3|Poss=Yes|PronType=Prs,18,nmod:poss,_,_
278,17,gouden,gouden,ADJ,ADJ|prenom|basis|zonder,Degree=Pos,18,amod,_,_
279,18,veêren,veêr,NOUN,N|soort|mv|basis,Number=Plur,14,nmod,_,_
280,19,viel,vallen,VERB,WW|pv|verl|ev,Number=Sing|Tense=Past|VerbForm=Fin,3,conj,_,_
281,20,naar,naar,ADP,VZ|init,_,21,case,_,_
282,21,beneden,beneden,ADP,VZ|fin,_,19,obl,_,SpaceAfter=No
283,22,.,.,PUNCT,LET,_,3,punct,_,SpacesAfter=\r\n\r\n\r\n
284,1,De,de,DET,LID|bep|stan|rest,Definite=Def,2,det,_,_
285,2,jongeling,jongeling,NOUN,N|soort|ev|basis|zijd|stan,Gender=Com|Number=Sing,3,nsubj,_,_
286,3,raapte,rapen,VERB,WW|pv|verl|ev,Number=Sing|Tense=Past|VerbForm=Fin,0,root,_,_
287,4,haar,haar,PRON,VNW|pers|pron|obl|vol|3|getal|fem,Case=Acc|Person=3|PronType=Prs,3,obj,_,_
288,5,op,op,ADP,VZ|fin,_,3,compound:prt,_,_
289,6,en,en,CCONJ,VG|neven,_,7,cc,_,_
290,7,bracht,brengen,VERB,WW|pv|verl|ev,Number=Sing|Tense=Past|VerbForm=Fin,3,conj,_,_
291,8,ze,ze,PRON,VNW|pers|pron|stan|red|3|ev|fem,Person=3|PronType=Prs,7,nsubj,_,_
292,9,’s,’s,DET,LID|bep|gen|evmo,Definite=Def,7,obl,_,_
293,10,morgens,morgens,NOUN,N|soort|ev|basis|gen,Number=Sing,9,fixed,_,_
294,11,bij,bij,ADP,VZ|init,_,13,case,_,_
295,12,den,den,DET,LID|bep|stan|rest,Definite=Def,13,det,_,_
296,13,koning,koning,NOUN,N|soort|ev|basis|zijd|stan,Gender=Com|Number=Sing,7,obl,_,SpaceAfter=No
297,14,",",",",PUNCT,LET,_,16,punct,_,_
298,15,en,en,CCONJ,VG|neven,_,16,cc,_,_
299,16,vertelde,vertellen,VERB,WW|pv|verl|ev,Number=Sing|Tense=Past|VerbForm=Fin,3,conj,_,_
300,17,wat,wat,PRON,VNW|vb|pron|stan|vol|3o|ev,Person=3|PronType=Int,21,nsubj,_,_
301,18,er,er,ADV,VNW|aanw|adv-pron|stan|red|3|getal,_,21,advmod,_,_
302,19,’s,’s,DET,LID|bep|gen|evmo,Definite=Def,21,obl,_,_
303,20,nachts,nacht,NOUN,N|soort|ev|basis|gen,Number=Sing,19,fixed,_,_
304,21,gebeurd,gebeuren,VERB,WW|vd|vrij|zonder,VerbForm=Part,16,ccomp,_,_
305,22,was,zijn,AUX,WW|pv|verl|ev,Number=Sing|Tense=Past|VerbForm=Fin,21,aux:pass,_,SpaceAfter=No
306,23,.,.,PUNCT,LET,_,3,punct,_,_
307,1,De,de,DET,LID|bep|stan|rest,Definite=Def,2,det,_,_
308,2,koning,koning,NOUN,N|soort|ev|basis|zijd|stan,Gender=Com|Number=Sing,3,nsubj,_,_
309,3,liet,laten,VERB,WW|pv|verl|ev,Number=Sing|Tense=Past|VerbForm=Fin,0,root,_,_
310,4,zijn,zijn,PRON,VNW|bez|det|stan|vol|3|ev|prenom|zonder|agr,Person=3|Poss=Yes|PronType=Prs,5,nmod:poss,_,_
311,5,raad,raad,NOUN,N|soort|ev|basis|zijd|stan,Gender=Com|Number=Sing,3,obj,_,_
312,6,bijeenroepen,bijeenroepen,VERB,WW|inf|vrij|zonder,VerbForm=Inf,3,xcomp,_,SpaceAfter=No
313,7,",",",",PUNCT,LET,_,10,punct,_,_
314,8,en,en,CCONJ,VG|neven,_,10,cc,_,_
315,9,allen,al,PRON,VNW|onbep|det|stan|nom|met-e|mv-n,PronType=Ind,10,nsubj,_,_
316,10,verklaarden,verklaren,VERB,WW|pv|verl|mv,Number=Plur|Tense=Past|VerbForm=Fin,3,conj,_,SpaceAfter=No
317,11,",",",",PUNCT,LET,_,20,punct,_,_
318,12,dat,dat,SCONJ,VG|onder,_,20,mark,_,_
319,13,één,één,NUM,TW|hoofd|prenom|stan,_,17,nummod,_,_
320,14,zulk,zulk,ADV,BW,_,13,fixed,_,_
321,15,een,een,DET,LID|onbep|stan|agr,Definite=Ind,17,det,_,_
322,16,gouden,gouden,ADJ,ADJ|prenom|basis|zonder,Degree=Pos,17,amod,_,_
323,17,veer,veer,NOUN,N|soort|ev|basis|onz|stan,Gender=Neut|Number=Sing,20,nsubj,_,_
324,18,hun,hun,PRON,VNW|pers|pron|obl|vol|3p|mv,Case=Acc|Person=3|PronType=Prs,20,iobj,_,_
325,19,meer,veel,PRON,VNW|onbep|grad|stan|vrij|zonder|comp,_,20,advmod,_,_
326,20,waard,waard,ADJ,ADJ|vrij|basis|zonder,Degree=Pos,10,ccomp,_,_
327,21,was,zijn,AUX,WW|pv|verl|ev,Number=Sing|Tense=Past|VerbForm=Fin,20,cop,_,_
328,22,dan,dan,SCONJ,VG|onder,_,25,mark,_,_
329,23,het,het,DET,LID|bep|stan|evon,Definite=Def,25,det,_,_
330,24,halve,half,ADJ,ADJ|prenom|basis|met-e|stan,Degree=Pos,25,amod,_,_
331,25,koninkrijk,koninkrijk,NOUN,N|soort|ev|basis|onz|stan,Gender=Neut|Number=Sing,19,advcl,_,SpaceAfter=No
332,26,.,.,PUNCT,LET,_,3,punct,_,_
333,1,Is,is,AUX,LET,_,6,aux,_,_
334,2,die,die,DET,VNW|aanw|det|stan|prenom|zonder|rest,_,3,det,_,_
335,3,veer,veer,NOUN,N|soort|ev|basis|zijd|stan,Gender=Com|Number=Sing,6,nsubj,_,_
336,4,zoo,zoo,ADV,BW,_,5,advmod,_,_
337,5,"kostbaar,","kostbaar,",ADJ,ADJ|vrij|basis|zonder,_,6,xcomp,_,_
338,6,zei,zeggen,VERB,WW|pv|verl|ev,Number=Sing|Tense=Past|VerbForm=Fin,0,root,_,_
339,7,de,de,DET,LID|bep|stan|rest,Definite=Def,8,det,_,_
340,8,koning,koning,NOUN,N|soort|ev|basis|zijd|stan,Gender=Com|Number=Sing,6,nsubj,_,SpaceAfter=No
341,9,",",",",PUNCT,LET,_,16,punct,_,_
342,10,dan,dan,ADV,BW,_,16,advmod,_,_
343,11,is,zijn,AUX,WW|pv|tgw|ev,Number=Sing|Tense=Pres|VerbForm=Fin,16,cop,_,_
344,12,mij,mij,PRON,VNW|pr|pron|obl|vol|1|ev,Case=Acc|Person=1|PronType=Prs,16,iobj,_,_
345,13,die,die,DET,VNW|aanw|det|stan|prenom|zonder|rest,_,14,det,_,_
346,14,ééne,ééne,ADJ,TW|hoofd|nom|zonder-n|basis,_,16,nsubj,_,_
347,15,niets,niets,PRON,VNW|onbep|pron|stan|vol|3o|ev,Person=3|PronType=Ind,16,obj,_,_
348,16,waard,waard,ADJ,ADJ|vrij|basis|zonder,Degree=Pos,6,parataxis,_,SpaceAfter=No
349,17,",",",",PUNCT,LET,_,19,punct,_,_
350,18,dan,dan,ADV,BW,_,19,advmod,_,_
351,19,wil,willen,VERB,WW|pv|tgw|ev,Number=Sing|Tense=Pres|VerbForm=Fin,16,parataxis,_,_
352,20,ik,ik,PRON,VNW|pers|pron|nomin|vol|1|ev,Case=Nom|Person=1|PronType=Prs,19,nsubj,_,_
353,21,den,den,DET,LID|bep|stan|rest,Definite=Def,23,det,_,_
354,22,heelen,heelen,NOUN,N|soort|ev|basis|zijd|stan,Gender=Com|Number=Sing,23,nmod,_,_
355,23,vogel.,vogel.,NOUN,WW|inf|vrij|zonder,VerbForm=Inf,19,obj,_,SpacesAfter=\r\n\r\n\r\n
356,1,De,de,DET,LID|bep|stan|rest,Definite=Def,3,det,_,_
357,2,oudste,oud,ADJ,ADJ|prenom|sup|met-e|stan,Degree=Sup,3,amod,_,_
358,3,zoon,zoon,NOUN,N|soort|ev|basis|zijd|stan,Gender=Com|Number=Sing,4,nsubj,_,_
359,4,ging,gaan,VERB,WW|pv|verl|ev,Number=Sing|Tense=Past|VerbForm=Fin,0,root,_,_
360,5,op,op,ADP,VZ|init,_,4,compound:prt,_,_
361,6,weg,weg,NOUN,N|soort|ev|basis|zijd|stan,Gender=Com|Number=Sing,5,fixed,_,SpaceAfter=No
362,7,",",",",PUNCT,LET,_,8,punct,_,_
363,8,vertrouwde,vertrouwen,VERB,WW|pv|verl|ev,Number=Sing|Tense=Past|VerbForm=Fin,4,conj,_,_
364,9,op,op,ADP,VZ|init,_,11,case,_,_
365,10,zijn,zijn,PRON,VNW|bez|det|stan|vol|3|ev|prenom|zonder|agr,Person=3|Poss=Yes|PronType=Prs,11,nmod:poss,_,_
366,11,slimheid,slimheid,NOUN,N|soort|ev|basis|zijd|stan,Gender=Com|Number=Sing,8,obl,_,_
367,12,en,en,CCONJ,VG|neven,_,13,cc,_,_
368,13,meende,menen,VERB,WW|pv|verl|ev,Number=Sing|Tense=Past|VerbForm=Fin,8,conj,_,SpaceAfter=No
369,14,",",",",PUNCT,LET,_,21,punct,_,_
370,15,hij,hij,PRON,VNW|pers|pron|nomin|vol|3|ev|masc,Case=Nom|Person=3|PronType=Prs,21,nsubj,_,_
371,16,zou,zullen,AUX,WW|pv|verl|ev,Number=Sing|Tense=Past|VerbForm=Fin,21,aux,_,_
372,17,den,den,DET,LID|bep|stan|rest,Definite=Def,19,det,_,_
373,18,gouden,gouden,ADJ,ADJ|prenom|basis|zonder,Degree=Pos,19,amod,_,_
374,19,vogel,vogel,NOUN,N|soort|ev|basis|zijd|stan,Gender=Com|Number=Sing,21,obj,_,_
375,20,wel,wel,ADV,BW,_,21,advmod,_,_
376,21,vinden,vinden,VERB,WW|inf|vrij|zonder,VerbForm=Inf,4,conj,_,SpaceAfter=No
377,22,.,.,PUNCT,LET,_,4,punct,_,_
378,1,Toen,toen,SCONJ,VG|onder,_,5,mark,_,_
379,2,hij,hij,PRON,VNW|pers|pron|nomin|vol|3|ev|masc,Case=Nom|Person=3|PronType=Prs,5,nsubj,_,_
380,3,een,een,DET,LID|onbep|stan|agr,Definite=Ind,4,det,_,_
381,4,eind,eind,NOUN,N|soort|ev|basis|onz|stan,Gender=Neut|Number=Sing,5,obj,_,_
382,5,gegaan,gaan,VERB,WW|vd|vrij|zonder,VerbForm=Part,8,advcl,_,_
383,6,was,zijn,AUX,WW|pv|verl|ev,Number=Sing|Tense=Past|VerbForm=Fin,5,aux,_,SpaceAfter=No
384,7,",",",",PUNCT,LET,_,5,punct,_,_
385,8,zag,zien,VERB,WW|pv|verl|ev,Number=Sing|Tense=Past|VerbForm=Fin,0,root,_,_
386,9,hij,hij,PRON,VNW|pers|pron|nomin|vol|3|ev|masc,Case=Nom|Person=3|PronType=Prs,8,nsubj,_,_
387,10,aan,aan,ADP,VZ|init,_,12,case,_,_
388,11,den,den,DET,LID|bep|stan|rest,Definite=Def,12,det,_,_
389,12,rand,rand,NOUN,N|soort|ev|basis|zijd|stan,Gender=Com|Number=Sing,18,obl,_,_
390,13,van,van,ADP,VZ|init,_,15,case,_,_
391,14,een,een,DET,LID|onbep|stan|agr,Definite=Ind,15,det,_,_
392,15,bosch,bosch,NOUN,N|soort|ev|basis|onz|stan,Gender=Neut|Number=Sing,12,nmod,_,_
393,16,een,een,DET,LID|onbep|stan|agr,Definite=Ind,17,det,_,_
394,17,vos,vos,NOUN,N|soort|ev|basis|zijd|stan,Gender=Com|Number=Sing,18,obj,_,_
395,18,zitten,zitten,VERB,WW|inf|vrij|zonder,VerbForm=Inf,8,xcomp,_,SpaceAfter=No
396,19,",",",",PUNCT,LET,_,20,punct,_,_
397,20,legde,leggen,VERB,WW|pv|verl|ev,Number=Sing|Tense=Past|VerbForm=Fin,8,conj,_,_
398,21,zijn,zijn,PRON,VNW|bez|det|stan|vol|3|ev|prenom|zonder|agr,Person=3|Poss=Yes|PronType=Prs,22,nmod:poss,_,_
399,22,geweer,geweer,NOUN,N|soort|ev|basis|onz|stan,Gender=Neut|Number=Sing,20,obj,_,_
400,23,aan,aan,ADP,VZ|fin,_,20,compound:prt,_,_
401,24,en,en,CCONJ,VG|neven,_,25,cc,_,_
402,25,mikte,mikken,VERB,WW|pv|verl|ev,Number=Sing|Tense=Past|VerbForm=Fin,8,conj,_,_
403,26,op,op,ADP,VZ|init,_,27,case,_,_
404,27,hem,hem,PRON,VNW|pers|pron|obl|vol|3|ev|masc,Case=Acc|Person=3|PronType=Prs,25,obl,_,SpaceAfter=No
405,28,.,.,PUNCT,LET,_,8,punct,_,_
406,1,De,de,DET,LID|bep|stan|rest,Definite=Def,2,det,_,_
407,2,vos,vos,NOUN,N|soort|ev|basis|zijd|stan,Gender=Com|Number=Sing,3,nsubj,_,_
408,3,riep,roepen,VERB,WW|pv|verl|ev,Number=Sing|Tense=Past|VerbForm=Fin,0,root,_,SpaceAfter=No
409,4,:,:,PUNCT,LET,_,3,punct,_,_
410,1,schiet,schieten,VERB,WW|pv|tgw|ev,Number=Sing|Tense=Pres|VerbForm=Fin,6,parataxis,_,_
411,2,mij,mij,PRON,VNW|pr|pron|obl|vol|1|ev,Case=Acc|Person=1|PronType=Prs,1,iobj,_,_
412,3,niet,niet,ADV,BW,_,1,advmod,_,SpaceAfter=No
413,4,",",",",PUNCT,LET,_,1,punct,_,_
414,5,dan,dan,ADV,BW,_,6,advmod,_,_
415,6,geef,geven,VERB,WW|pv|tgw|ev,Number=Sing|Tense=Pres|VerbForm=Fin,0,root,_,_
416,7,ik,ik,PRON,VNW|pers|pron|nomin|vol|1|ev,Case=Nom|Person=1|PronType=Prs,6,nsubj,_,_
417,8,je,je,PRON,VNW|pr|pron|obl|red|2v|getal,Case=Acc|Person=2|PronType=Prs,6,iobj,_,_
418,9,daarvoor,daarvoor,ADV,BW,_,6,advmod,_,_
419,10,een,een,DET,LID|onbep|stan|agr,Definite=Ind,12,det,_,_
420,11,goeden,goeden,ADJ,ADJ|prenom|basis|zonder,Degree=Pos,12,amod,_,_
421,12,raad,raad,NOUN,N|soort|ev|basis|zijd|stan,Gender=Com|Number=Sing,6,obj,_,SpaceAfter=No
422,13,.,.,PUNCT,LET,_,6,punct,_,_
423,1,Je,je,PRON,VNW|pers|pron|nomin|red|2v|ev,Case=Nom|Person=2|PronType=Prs,3,nsubj,_,_
424,2,bent,zijn,AUX,WW|pv|tgw|met-t,Number=Sing|Tense=Pres|VerbForm=Fin,3,cop,_,_
425,3,op,op,ADP,VZ|init,_,0,root,_,_
426,4,weg,weg,NOUN,N|soort|ev|basis|zijd|stan,Gender=Com|Number=Sing,3,fixed,_,_
427,5,naar,naar,ADP,VZ|init,_,8,case,_,_
428,6,den,den,DET,LID|bep|stan|rest,Definite=Def,8,det,_,_
429,7,gouden,gouden,ADJ,ADJ|prenom|basis|zonder,Degree=Pos,8,amod,_,_
430,8,vogel,vogel,NOUN,N|soort|ev|basis|zijd|stan,Gender=Com|Number=Sing,3,obl,_,SpaceAfter=No
431,9,",",",",PUNCT,LET,_,18,punct,_,_
432,10,en,en,CCONJ,VG|neven,_,18,cc,_,_
433,11,je,je,PRON,VNW|pers|pron|nomin|red|2v|ev,Case=Nom|Person=2|PronType=Prs,18,nsubj,_,_
434,12,zult,zullen,AUX,WW|pv|tgw|met-t,Number=Sing|Tense=Pres|VerbForm=Fin,18,aux,_,_
435,13,dezen,deze,DET,VNW|aanw|det|stan|prenom|met-e|rest,_,14,det,_,_
436,14,avond,avond,NOUN,N|soort|ev|basis|zijd|stan,Gender=Com|Number=Sing,18,obl,_,_
437,15,in,in,ADP,VZ|init,_,17,case,_,_
438,16,een,een,DET,LID|onbep|stan|agr,Definite=Ind,17,det,_,_
439,17,dorp,dorp,NOUN,N|soort|ev|basis|onz|stan,Gender=Neut|Number=Sing,18,obl,_,_
440,18,komen,komen,VERB,WW|inf|vrij|zonder,VerbForm=Inf,3,conj,_,SpaceAfter=No
441,19,",",",",PUNCT,LET,_,25,punct,_,_
442,20,waar,waar,ADV,VNW|vb|adv-pron|obl|vol|3o|getal,_,25,advmod,_,_
443,21,twee,twee,NUM,TW|hoofd|prenom|stan,_,22,nummod,_,_
444,22,logementen,logement,NOUN,N|soort|mv|basis,Number=Plur,25,nsubj,_,_
445,23,tegenover,tegenover,ADP,VZ|init,_,24,case,_,_
446,24,elkaar,elkaar,PRON,VNW|recip|pron|obl|vol|persoon|mv,Case=Acc|PronType=Rcp,25,obl,_,_
447,25,zijn,zijn,VERB,WW|pv|tgw|mv,Number=Plur|Tense=Pres|VerbForm=Fin,17,acl:relcl,_,SpaceAfter=No
448,26,;,;,PUNCT,LET,_,3,punct,_,_
449,1,het,het,DET,LID|bep|stan|evon,Definite=Def,2,det,_,_
450,2,eene,eene,ADJ,ADJ|nom|basis|met-e|zonder-n|stan,_,5,nsubj,_,_
451,3,is,zijn,AUX,WW|pv|tgw|ev,Number=Sing|Tense=Pres|VerbForm=Fin,5,cop,_,_
452,4,hel,hel,NOUN,ADJ|vrij|basis|zonder,Gender=Com|Number=Sing,5,advmod,_,_
453,5,verlicht,verlichten,VERB,WW|vd|vrij|zonder,VerbForm=Part,0,root,_,_
454,6,en,en,CCONJ,VG|neven,_,8,cc,_,_
455,7,daar,daar,ADV,VNW|aanw|adv-pron|obl|vol|3o|getal,_,8,obl,_,_
456,8,gaat,gaan,VERB,WW|pv|tgw|met-t,Number=Sing|Tense=Pres|VerbForm=Fin,5,conj,_,_
457,9,het,het,PRON,VNW|pers|pron|stan|red|3|ev|onz,Person=3|PronType=Prs,8,nsubj,_,_
458,10,vroolijk,vroolijk,ADJ,ADJ|vrij|basis|zonder,Degree=Pos,8,advmod,_,_
459,11,toe,toe,ADP,VZ|fin,_,8,compound:prt,_,SpaceAfter=No
460,12,;,;,PUNCT,LET,_,5,punct,_,_
461,1,maar,maar,CCONJ,VG|neven,_,2,mark,_,_
462,2,ga,gaan,VERB,WW|pv|tgw|ev,Number=Sing|Tense=Pres|VerbForm=Fin,0,root,_,_
463,3,daar,daar,ADV,VNW|aanw|adv-pron|obl|vol|3o|getal,_,2,obl,_,_
464,4,niet,niet,ADV,BW,_,2,advmod,_,_
465,5,binnen,binnen,ADP,VZ|fin,_,3,case,_,SpaceAfter=No
466,6,",",",",PUNCT,LET,_,7,punct,_,_
467,7,ga,gaan,VERB,WW|pv|tgw|ev,Number=Sing|Tense=Pres|VerbForm=Fin,2,parataxis,_,_
468,8,in,in,ADP,VZ|init,_,10,case,_,_
469,9,het,het,DET,LID|bep|stan|evon,Definite=Def,10,det,_,_
470,10,andere,ander,ADJ,ADJ|nom|basis|met-e|zonder-n|stan,Degree=Pos,7,obl,_,SpaceAfter=No
471,11,",",",",PUNCT,LET,_,18,punct,_,_
472,12,hoe,hoe,ADV,BW,_,14,advmod,_,_
473,13,veel,veel,ADV,VNW|onbep|grad|stan|vrij|zonder|basis,_,14,advmod,_,_
474,14,minder,minder,ADV,VNW|onbep|grad|stan|vrij|zonder|comp,_,18,advmod,_,_
475,15,je,je,PRON,VNW|pers|pron|nomin|red|2v|ev,Case=Nom|Person=2|PronType=Prs,18,nsubj,_,_
476,16,dat,dat,PRON,VNW|aanw|pron|stan|vol|3o|ev,Person=3|PronType=Dem,18,obj,_,_
477,17,ook,ook,ADV,BW,_,18,advmod,_,_
478,18,aanstaat.,aanstaat.,VERB,SPEC|afgebr,_,7,parataxis,_,_
479,1,Hoe,hoe,ADV,BW,_,10,advmod,_,_
480,2,kan,kunnen,AUX,WW|pv|tgw|ev,Number=Sing|Tense=Pres|VerbForm=Fin,10,aux,_,_
481,3,nu,nu,ADV,BW,_,10,advmod,_,_
482,4,zoo’n,zoo’n,DET,BW,_,6,det,_,_
483,5,onnoozel,onnoozel,ADJ,ADJ|prenom|basis|zonder,Degree=Pos,6,amod,_,_
484,6,beest,beest,NOUN,N|soort|ev|basis|onz|stan,Gender=Neut|Number=Sing,10,nsubj,_,_
485,7,een,een,DET,LID|onbep|stan|agr,Definite=Ind,9,det,_,_
486,8,verstandigen,verstandigen,ADJ,ADJ|prenom|basis|zonder,Degree=Pos,9,amod,_,_
487,9,raad,raad,NOUN,N|soort|ev|basis|zijd|stan,Gender=Com|Number=Sing,10,obj,_,_
488,10,geven,geven,VERB,WW|inf|vrij|zonder,VerbForm=Inf,0,root,_,SpaceAfter=No
489,11,!,!,PUNCT,LET,_,12,punct,_,_
490,12,dacht,denken,VERB,WW|pv|verl|ev,Number=Sing|Tense=Past|VerbForm=Fin,10,parataxis,_,_
491,13,de,de,DET,LID|bep|stan|rest,Definite=Def,14,det,_,_
492,14,prins,prins,NOUN,N|soort|ev|basis|zijd|stan,Gender=Com|Number=Sing,12,nsubj,_,_
493,15,en,en,CCONJ,VG|neven,_,17,cc,_,_
494,16,hij,hij,PRON,VNW|pers|pron|nomin|vol|3|ev|masc,Case=Nom|Person=3|PronType=Prs,17,nsubj,_,_
495,17,schoot,schieten,VERB,WW|pv|verl|ev,Number=Sing|Tense=Past|VerbForm=Fin,10,conj,_,_
496,18,zijn,zijn,PRON,VNW|bez|det|stan|vol|3|ev|prenom|zonder|agr,Person=3|Poss=Yes|PronType=Prs,19,nmod:poss,_,_
497,19,geweer,geweer,NOUN,N|soort|ev|basis|onz|stan,Gender=Neut|Number=Sing,17,obj,_,_
498,20,af,af,ADP,VZ|fin,_,17,compound:prt,_,SpaceAfter=No
499,21,;,;,PUNCT,LET,_,10,punct,_,_
500,1,maar,maar,CCONJ,VG|neven,_,3,mark,_,_
501,2,hij,hij,PRON,VNW|pers|pron|nomin|vol|3|ev|masc,Case=Nom|Person=3|PronType=Prs,3,nsubj,_,_
502,3,miste,missen,VERB,WW|pv|verl|ev,Number=Sing|Tense=Past|VerbForm=Fin,0,root,_,_
503,4,den,den,DET,LID|bep|stan|rest,Definite=Def,5,det,_,_
504,5,vos,vos,PROPN,N|soort|ev|basis|zijd|stan,Gender=Com|Number=Sing,3,obj,_,_
505,6,die,die,PRON,VNW|betr|pron|stan|vol|persoon|getal,PronType=Rel,13,nsubj,_,_
506,7,met,met,ADP,VZ|init,_,9,case,_,_
507,8,gestrekten,steekten,VERB,WW|vd|prenom|zonder,VerbForm=Part,9,amod,_,_
508,9,staart,staart,NOUN,N|soort|ev|basis|zijd|stan,Gender=Com|Number=Sing,13,obl,_,_
509,10,het,het,DET,LID|bep|stan|evon,Definite=Def,11,det,_,_
510,11,bosch,bosch,NOUN,N|soort|ev|basis|onz|stan,Gender=Neut|Number=Sing,13,obj,_,_
511,12,in,in,ADP,VZ|fin,_,13,compound:prt,_,_
512,13,vluchtte,vluchten,VERB,WW|pv|verl|ev,Number=Sing|Tense=Past|VerbForm=Fin,5,acl:relcl,_,SpaceAfter=No
513,14,.,.,PUNCT,LET,_,3,punct,_,_
514,1,Toen,toen,ADV,BW,_,2,advmod,_,_
515,2,zette,zetten,VERB,WW|pv|verl|ev,Number=Sing|Tense=Past|VerbForm=Fin,0,root,_,_
516,3,de,de,DET,LID|bep|stan|rest,Definite=Def,4,det,_,_
517,4,prins,prins,NOUN,N|soort|ev|basis|zijd|stan,Gender=Com|Number=Sing,2,nsubj,_,_
518,5,zijn,zijn,PRON,VNW|bez|det|stan|vol|3|ev|prenom|zonder|agr,Person=3|Poss=Yes|PronType=Prs,6,nmod:poss,_,_
519,6,weg,weg,NOUN,N|soort|ev|basis|zijd|stan,Gender=Com|Number=Sing,2,obj,_,_
520,7,voort,voort,ADP,VZ|fin,_,2,compound:prt,_,SpaceAfter=No
521,8,",",",",PUNCT,LET,_,10,punct,_,_
522,9,en,en,CCONJ,VG|neven,_,10,cc,_,_
523,10,kwam,komen,VERB,WW|pv|verl|ev,Number=Sing|Tense=Past|VerbForm=Fin,2,conj,_,_
524,11,’s,’s,DET,LID|bep|gen|evmo,Definite=Def,10,obl,_,_
525,12,avonds,avond,NOUN,N|soort|ev|basis|gen,Number=Sing,11,fixed,_,_
526,13,in,in,ADP,VZ|init,_,15,case,_,_
527,14,het,het,DET,LID|bep|stan|evon,Definite=Def,15,det,_,_
528,15,dorp,dorp,NOUN,N|soort|ev|basis|onz|stan,Gender=Neut|Number=Sing,10,obl,_,_
529,16,waar,waar,ADV,VNW|vb|adv-pron|obl|vol|3o|getal,_,20,advmod,_,_
530,17,de,de,DET,LID|bep|stan|rest,Definite=Def,19,det,_,_
531,18,twee,twee,NUM,TW|hoofd|prenom|stan,_,19,nummod,_,_
532,19,logementen,logement,NOUN,N|soort|mv|basis,Number=Plur,20,nsubj,_,_
533,20,waren,zijn,VERB,WW|pv|verl|mv,Number=Plur|Tense=Past|VerbForm=Fin,15,acl:relcl,_,SpaceAfter=No
534,21,;,;,PUNCT,LET,_,26,punct,_,_
535,22,in,in,ADP,VZ|init,_,24,case,_,_
536,23,het,het,DET,LID|bep|stan|evon,Definite=Def,24,det,_,_
537,24,eene,eeen,ADJ,TW|rang|nom|zonder-n,_,26,obl,_,_
538,25,werd,worden,AUX,WW|pv|verl|ev,Number=Sing|Tense=Past|VerbForm=Fin,26,aux:pass,_,_
539,26,gezongen,zingen,VERB,WW|vd|vrij|zonder,VerbForm=Part,2,parataxis,_,_
540,27,en,en,CCONJ,VG|neven,_,28,cc,_,_
541,28,gesprongen,springen,VERB,WW|vd|vrij|zonder,VerbForm=Part,26,conj,_,_
542,29,en,en,CCONJ,VG|neven,_,32,cc,_,_
543,30,het,het,DET,LID|bep|stan|evon,Definite=Def,31,det,_,_
544,31,andere,ander,ADJ,ADJ|nom|basis|met-e|zonder-n|stan,Degree=Pos,32,nsubj,_,_
545,32,zag,zien,VERB,WW|pv|verl|ev,Number=Sing|Tense=Past|VerbForm=Fin,2,conj,_,_
546,33,er,er,ADV,VNW|aanw|adv-pron|stan|red|3|getal,_,32,obl,_,_
547,34,armzalig,armzalig,ADJ,ADJ|vrij|basis|zonder,Degree=Pos,32,obl,_,_
548,35,en,en,CCONJ,VG|neven,_,36,cc,_,_
549,36,saai,saai,ADJ,ADJ|vrij|basis|zonder,Degree=Pos,34,conj,_,_
550,37,uit,uit,ADP,VZ|fin,_,32,compound:prt,_,SpaceAfter=No
551,38,.,.,PUNCT,LET,_,2,punct,_,_
552,1,Ik,ik,PRON,VNW|pers|pron|nomin|vol|1|ev,Case=Nom|Person=1|PronType=Prs,4,nsubj,_,_
553,2,zou,zullen,AUX,WW|pv|verl|ev,Number=Sing|Tense=Past|VerbForm=Fin,4,aux,_,_
554,3,wel,wel,ADV,BW,_,4,advmod,_,_
555,4,gek,gek,ADJ,ADJ|vrij|basis|zonder,Degree=Pos,0,root,_,_
556,5,zijn,zijn,AUX,WW|inf|vrij|zonder,VerbForm=Inf,4,cop,_,SpaceAfter=No
557,6,",",",",PUNCT,LET,_,7,punct,_,_
558,7,[137]dacht,[137]denken,VERB,WW|pv|verl|ev,Number=Sing|Tense=Past|VerbForm=Fin,4,parataxis,_,_
559,8,hij,hij,PRON,VNW|pers|pron|nomin|vol|3|ev|masc,Case=Nom|Person=3|PronType=Prs,7,nsubj,_,SpaceAfter=No
560,9,",",",",PUNCT,LET,_,16,punct,_,_
561,10,als,als,SCONJ,VG|onder,_,16,mark,_,_
562,11,ik,ik,PRON,VNW|pers|pron|nomin|vol|1|ev,Case=Nom|Person=1|PronType=Prs,16,nsubj,_,_
563,12,in,in,ADP,VZ|init,_,15,case,_,_
564,13,dat,dat,DET,VNW|aanw|det|stan|prenom|zonder|evon,_,15,det,_,_
565,14,schunnige,schunnig,ADJ,ADJ|prenom|basis|met-e|stan,Degree=Pos,15,amod,_,_
566,15,logement,logement,NOUN,N|soort|ev|basis|onz|stan,Gender=Neut|Number=Sing,16,obl,_,_
567,16,ging,gaan,VERB,WW|pv|verl|ev,Number=Sing|Tense=Past|VerbForm=Fin,7,advcl,_,_
568,17,en,en,CCONJ,VG|neven,_,21,cc,_,_
569,18,het,het,DET,LID|bep|stan|evon,Definite=Def,20,det,_,_
570,19,mooie,mooi,ADJ,ADJ|nom|basis|met-e|zonder-n|stan,Degree=Pos,21,nsubj,_,_
571,20,voorbij,voorbij,ADJ,ADJ|vrij|basis|zonder,Degree=Pos,21,obj,_,_
572,21,liep.,liep.,VERB,WW|pv|verl|ev,Number=Sing|Tense=Past|VerbForm=Fin,16,conj,_,_
573,1,Hij,hij,PRON,VNW|pers|pron|nomin|vol|3|ev|masc,Case=Nom|Person=3|PronType=Prs,2,nsubj,_,_
574,2,ging,gaan,VERB,WW|pv|verl|ev,Number=Sing|Tense=Past|VerbForm=Fin,0,root,_,_
575,3,dus,dus,ADV,BW,_,2,advmod,_,_
576,4,het,het,DET,LID|bep|stan|evon,Definite=Def,5,det,_,_
577,5,vroolijke,vroolijk,ADJ,ADJ|nom|basis|met-e|zonder-n|stan,Degree=Pos,2,obj,_,_
578,6,binnen,binnen,ADP,VZ|fin,_,2,compound:prt,_,_
579,7,en,en,CCONJ,VG|neven,_,8,cc,_,_
580,8,leefde,leven,VERB,WW|pv|verl|ev,Number=Sing|Tense=Past|VerbForm=Fin,2,conj,_,_
581,9,er,er,ADV,VNW|aanw|adv-pron|stan|red|3|getal,_,8,obl,_,_
582,10,lekker,lekker,ADJ,ADJ|vrij|basis|zonder,Degree=Pos,8,advmod,_,_
583,11,op,op,ADP,VZ|fin,_,9,case,_,_
584,12,los,los,ADJ,ADJ|vrij|basis|zonder,Degree=Pos,8,compound:prt,_,SpaceAfter=No
585,13,",",",",PUNCT,LET,_,16,punct,_,_
586,14,en,en,CCONJ,VG|neven,_,16,cc,_,_
587,15,hij,hij,PRON,VNW|pers|pron|nomin|vol|3|ev|masc,Case=Nom|Person=3|PronType=Prs,16,nsubj,_,_
588,16,vergat,vergeten,VERB,WW|pv|verl|ev,Number=Sing|Tense=Past|VerbForm=Fin,2,conj,_,_
589,17,den,den,DET,LID|bep|stan|rest,Definite=Def,18,det,_,_
590,18,vogel,vogel,NOUN,N|soort|ev|basis|zijd|stan,Gender=Com|Number=Sing,16,obj,_,_
591,19,en,en,CCONJ,VG|neven,_,21,cc,_,_
592,20,zijn,zijn,PRON,VNW|bez|det|stan|vol|3|ev|prenom|zonder|agr,Person=3|Poss=Yes|PronType=Prs,21,nmod:poss,_,_
593,21,vader,vader,NOUN,N|soort|ev|basis|zijd|stan,Gender=Com|Number=Sing,18,conj,_,SpaceAfter=No
594,22,.,.,PUNCT,LET,_,2,punct,_,SpacesAfter=\r\n\r\n\r\n
595,1,Toen,toen,SCONJ,VG|onder,_,4,mark,_,_
596,2,de,de,DET,LID|bep|stan|rest,Definite=Def,3,det,_,_
597,3,tijd,tijd,NOUN,N|soort|ev|basis|zijd|stan,Gender=Com|Number=Sing,4,nsubj,_,_
598,4,verliep,verlopen,VERB,WW|pv|verl|ev,Number=Sing|Tense=Past|VerbForm=Fin,15,advcl,_,_
599,5,en,en,CCONJ,VG|neven,_,13,cc,_,_
600,6,de,de,DET,LID|bep|stan|rest,Definite=Def,8,det,_,_
601,7,oudste,oud,ADJ,ADJ|prenom|sup|met-e|stan,Degree=Sup,8,amod,_,_
602,8,zoon,zoon,NOUN,N|soort|ev|basis|zijd|stan,Gender=Com|Number=Sing,13,nsubj,_,_
603,9,maar,maar,ADV,BW,_,13,advmod,_,_
604,10,niet,niet,ADV,BW,_,13,advmod,_,_
605,11,naar,naar,ADP,VZ|init,_,12,case,_,_
606,12,huis,huis,NOUN,N|soort|ev|basis|onz|stan,Gender=Neut|Number=Sing,13,obl,_,_
607,13,kwam,komen,VERB,WW|pv|verl|ev,Number=Sing|Tense=Past|VerbForm=Fin,4,conj,_,SpaceAfter=No
608,14,",",",",PUNCT,LET,_,4,punct,_,_
609,15,ging,gaan,VERB,WW|pv|verl|ev,Number=Sing|Tense=Past|VerbForm=Fin,0,root,_,_
610,16,de,de,DET,LID|bep|stan|rest,Definite=Def,17,det,_,_
611,17,tweede,twee,ADJ,TW|rang|nom|zonder-n,_,15,nsubj,_,_
612,18,op,op,ADP,VZ|init,_,15,compound:prt,_,_
613,19,weg,weg,NOUN,N|soort|ev|basis|zijd|stan,Gender=Com|Number=Sing,18,fixed,_,_
614,20,en,en,CCONJ,VG|neven,_,25,cc,_,_
615,21,zou,zullen,AUX,WW|pv|verl|ev,Number=Sing|Tense=Past|VerbForm=Fin,25,aux,_,_
616,22,den,den,DET,LID|bep|stan|rest,Definite=Def,24,det,_,_
617,23,gouden,gouden,ADJ,ADJ|prenom|basis|zonder,Degree=Pos,24,amod,_,_
618,24,vogel,vogel,NOUN,N|soort|ev|basis|zijd|stan,Gender=Com|Number=Sing,25,obj,_,_
619,25,zoeken,zoeken,VERB,WW|inf|vrij|zonder,VerbForm=Inf,15,conj,_,SpaceAfter=No
620,26,.,.,PUNCT,LET,_,15,punct,_,_
621,1,Even,even,ADV,BW,_,4,amod,_,_
622,2,als,als,SCONJ,VG|onder,_,4,mark,_,_
623,3,de,de,DET,LID|bep|stan|rest,Definite=Def,4,det,_,_
624,4,oudste,oud,ADJ,ADJ|nom|sup|met-e|zonder-n|stan,Degree=Sup,5,advcl,_,_
625,5,zag,zien,VERB,WW|pv|verl|ev,Number=Sing|Tense=Past|VerbForm=Fin,0,root,_,_
626,6,hij,hij,PRON,VNW|pers|pron|nomin|vol|3|ev|masc,Case=Nom|Person=3|PronType=Prs,5,nsubj,_,_
627,7,ook,ook,ADV,BW,_,5,advmod,_,_
628,8,den,den,DET,LID|bep|stan|rest,Definite=Def,9,det,_,_
629,9,vos,vos,NOUN,N|soort|ev|basis|zijd|stan,Gender=Com|Number=Sing,5,obj,_,SpaceAfter=No
630,10,",",",",PUNCT,LET,_,16,punct,_,_
631,11,die,die,PRON,VNW|betr|pron|stan|vol|persoon|getal,PronType=Rel,16,nsubj,_,_
632,12,hem,hem,PRON,VNW|pers|pron|obl|vol|3|ev|masc,Case=Acc|Person=3|PronType=Prs,16,iobj,_,_
633,13,den,den,DET,LID|bep|stan|rest,Definite=Def,15,det,_,_
634,14,goeden,goeden,ADJ,ADJ|prenom|basis|zonder,Degree=Pos,15,amod,_,_
635,15,raad,raad,NOUN,N|soort|ev|basis|zijd|stan,Gender=Com|Number=Sing,16,obj,_,_
636,16,gaf,geven,VERB,WW|pv|verl|ev,Number=Sing|Tense=Past|VerbForm=Fin,9,acl:relcl,_,SpaceAfter=No
637,17,",",",",PUNCT,LET,_,21,punct,_,_
638,18,dien,dien,PRON,VNW|betr|pron|stan|vol|persoon|getal,PronType=Rel,21,obj,_,_
639,19,hij,hij,PRON,VNW|pers|pron|nomin|vol|3|ev|masc,Case=Nom|Person=3|PronType=Prs,21,nsubj,_,_
640,20,niet,niet,ADV,BW,_,21,advmod,_,_
641,21,opvolgde,opvolgen,VERB,WW|pv|verl|ev,Number=Sing|Tense=Past|VerbForm=Fin,5,advcl,_,SpaceAfter=No
642,22,.,.,PUNCT,LET,_,5,punct,_,_
643,1,Hij,hij,PRON,VNW|pers|pron|nomin|vol|3|ev|masc,Case=Nom|Person=3|PronType=Prs,2,nsubj,_,_
644,2,kwam,komen,VERB,WW|pv|verl|ev,Number=Sing|Tense=Past|VerbForm=Fin,0,root,_,_
645,3,ook,ook,ADV,BW,_,2,advmod,_,_
646,4,bij,bij,ADP,VZ|init,_,7,case,_,_
647,5,de,de,DET,LID|bep|stan|rest,Definite=Def,7,det,_,_
648,6,twee,twee,NUM,TW|hoofd|prenom|stan,_,7,nummod,_,_
649,7,logementen,logement,NOUN,N|soort|mv|basis,Number=Plur,2,obl,_,SpaceAfter=No
650,8,;,;,PUNCT,LET,_,2,punct,_,_
651,1,in,in,ADP,VZ|init,_,3,case,_,_
652,2,het,het,DET,LID|bep|stan|evon,Definite=Def,3,det,_,_
653,3,vroolijke,vroolijk,ADJ,ADJ|nom|basis|met-e|zonder-n|stan,Degree=Pos,9,obl,_,_
654,4,waar,waar,ADV,VNW|vb|adv-pron|obl|vol|3o|getal,_,6,advmod,_,_
655,5,luid,luid,ADJ,ADJ|vrij|basis|zonder,Degree=Pos,6,advmod,_,_
656,6,gejuicht,juichen,VERB,WW|vd|vrij|zonder,VerbForm=Part,3,acl:relcl,_,_
657,7,werd,worden,AUX,WW|pv|verl|ev,Number=Sing|Tense=Past|VerbForm=Fin,6,aux:pass,_,SpaceAfter=No
658,8,",",",",PUNCT,LET,_,3,punct,_,_
659,9,stond,staan,VERB,WW|pv|verl|ev,Number=Sing|Tense=Past|VerbForm=Fin,0,root,_,_
660,10,zijn,zijn,PRON,VNW|bez|det|stan|vol|3|ev|prenom|zonder|agr,Person=3|Poss=Yes|PronType=Prs,11,nmod:poss,_,_
661,11,broeder,broeder,NOUN,N|soort|ev|basis|zijd|stan,Gender=Com|Number=Sing,9,nsubj,_,_
662,12,aan,aan,ADP,VZ|init,_,14,case,_,_
663,13,het,het,DET,LID|bep|stan|evon,Definite=Def,14,det,_,_
664,14,raam,raam,NOUN,N|soort|ev|basis|onz|stan,Gender=Neut|Number=Sing,9,obl,_,_
665,15,en,en,CCONJ,VG|neven,_,16,cc,_,_
666,16,riep,roepen,VERB,WW|pv|verl|ev,Number=Sing|Tense=Past|VerbForm=Fin,9,conj,_,_
667,17,hem,hem,PRON,VNW|pers|pron|obl|vol|3|ev|masc,Case=Acc|Person=3|PronType=Prs,16,obj,_,_
668,18,toe,toe,ADP,VZ|fin,_,16,compound:prt,_,SpaceAfter=No
669,19,.,.,PUNCT,LET,_,9,punct,_,_
670,1,Hij,hij,PRON,VNW|pers|pron|nomin|vol|3|ev|masc,Case=Nom|Person=3|PronType=Prs,4,nsubj,_,_
671,2,kon,kunnen,AUX,WW|pv|verl|ev,Number=Sing|Tense=Past|VerbForm=Fin,4,aux,_,_
672,3,niet,niet,ADV,BW,_,4,advmod,_,_
673,4,weêrstaan,weêrstaan,VERB,WW|inf|vrij|zonder,VerbForm=Inf,0,root,_,_
674,5,en,en,CCONJ,VG|neven,_,6,cc,_,_
675,6,ging,gaan,VERB,WW|pv|verl|ev,Number=Sing|Tense=Past|VerbForm=Fin,4,conj,_,_
676,7,naar,naar,ADP,VZ|init,_,8,case,_,_
677,8,binnen,binnen,ADP,VZ|fin,_,6,obl,_,SpaceAfter=No
678,9,;,;,PUNCT,LET,_,4,punct,_,_
679,1,toen,toen,ADV,BW,_,2,advmod,_,_
680,2,leefde,leven,VERB,WW|pv|verl|ev,Number=Sing|Tense=Past|VerbForm=Fin,0,root,_,_
681,3,hij,hij,PRON,VNW|pers|pron|nomin|vol|3|ev|masc,Case=Nom|Person=3|PronType=Prs,2,nsubj,_,_
682,4,ook,ook,ADV,BW,_,2,advmod,_,_
683,5,het,het,DET,LID|bep|stan|evon,Definite=Def,7,det,_,_
684,6,vroolijke,vroolijk,ADJ,ADJ|prenom|basis|met-e|stan,Degree=Pos,7,amod,_,_
685,7,leven,leven,NOUN,N|soort|ev|basis|onz|stan,Gender=Neut|Number=Sing,2,obj,_,_
686,8,meê,meê,ADP,VZ|fin,_,2,compound:prt,_,SpaceAfter=No
687,9,.,.,PUNCT,LET,_,2,punct,_,SpacesAfter=\r\n\r\n\r\n
688,1,Weer,weer,ADV,BW,_,2,advmod,_,_
689,2,verging,vergaan,VERB,WW|pv|verl|ev,Number=Sing|Tense=Past|VerbForm=Fin,0,root,_,_
690,3,de,de,DET,LID|bep|stan|rest,Definite=Def,4,det,_,_
691,4,tijd,tijd,NOUN,N|soort|ev|basis|zijd|stan,Gender=Com|Number=Sing,2,nsubj,_,_
692,5,en,en,CCONJ,VG|neven,_,7,cc,_,_
693,6,nu,nu,ADV,BW,_,11,advmod,_,_
694,7,wilde,willen,VERB,WW|pv|verl|ev,Number=Sing|Tense=Past|VerbForm=Fin,2,conj,_,_
695,8,de,de,DET,LID|bep|stan|rest,Definite=Def,10,det,_,_
696,9,jongste,jong,ADJ,ADJ|prenom|sup|met-e|stan,Degree=Sup,10,amod,_,_
697,10,prins,prins,NOUN,N|soort|ev|basis|zijd|stan,Gender=Com|Number=Sing,7,nsubj,_,_
698,11,uittrekken,uittrekken,VERB,WW|inf|vrij|zonder,VerbForm=Inf,7,xcomp,_,_
699,12,en,en,CCONJ,VG|neven,_,15,cc,_,_
700,13,zijn,zijn,PRON,VNW|bez|det|stan|vol|3|ev|prenom|zonder|agr,Person=3|Poss=Yes|PronType=Prs,14,nmod:poss,_,_
701,14,geluk,geluk,NOUN,N|soort|ev|basis|onz|stan,Gender=Neut|Number=Sing,15,obj,_,_
702,15,beproeven,beproeven,VERB,WW|inf|vrij|zonder,VerbForm=Inf,11,conj,_,SpaceAfter=No
703,16,;,;,PUNCT,LET,_,20,punct,_,_
704,17,maar,maar,CCONJ,VG|neven,_,20,cc,_,_
705,18,de,de,DET,LID|bep|stan|rest,Definite=Def,19,det,_,_
706,19,vader,vader,NOUN,N|soort|ev|basis|zijd|stan,Gender=Com|Number=Sing,20,nsubj,_,_
707,20,weigerde,weigeren,VERB,WW|pv|verl|ev,Number=Sing|Tense=Past|VerbForm=Fin,2,conj,_,SpaceAfter=No
708,21,.,.,PUNCT,LET,_,2,punct,_,_
709,1,Hij,hij,PRON,VNW|pers|pron|nomin|vol|3|ev|masc,Case=Nom|Person=3|PronType=Prs,2,nsubj,_,_
710,2,hield,houden,VERB,WW|pv|verl|ev,Number=Sing|Tense=Past|VerbForm=Fin,0,root,_,_
711,3,hem,hem,PRON,VNW|pers|pron|obl|vol|3|ev|masc,Case=Acc|Person=3|PronType=Prs,2,obj,_,_
712,4,voor,voor,ADP,VZ|init,_,6,case,_,_
713,5,minder,minder,ADV,VNW|onbep|grad|stan|vrij|zonder|comp,_,6,advmod,_,_
714,6,verstandig,verstandig,ADJ,ADJ|vrij|basis|zonder,Degree=Pos,2,xcomp,_,_
715,7,dan,dan,SCONJ,VG|onder,_,9,mark,_,_
716,8,zijn,zijn,PRON,VNW|bez|det|stan|vol|3|ev|prenom|zonder|agr,Person=3|Poss=Yes|PronType=Prs,9,nmod:poss,_,_
717,9,broeders,broeder,NOUN,N|soort|mv|basis,Number=Plur,5,advcl,_,_
718,10,en,en,CCONJ,VG|neven,_,11,cc,_,_
719,11,vreesde,vrezen,VERB,WW|pv|verl|ev,Number=Sing|Tense=Past|VerbForm=Fin,2,conj,_,_
720,12,een,een,DET,LID|onbep|stan|agr,Definite=Ind,13,det,_,_
721,13,ongeluk,ongeluk,NOUN,N|soort|ev|basis|onz|stan,Gender=Neut|Number=Sing,11,obj,_,SpaceAfter=No
722,14,",",",",PUNCT,LET,_,20,punct,_,_
723,15,zoodat,zoodat,SCONJ,VG|onder,_,20,mark,_,_
724,16,hij,hij,PRON,VNW|pers|pron|nomin|vol|3|ev|masc,Case=Nom|Person=3|PronType=Prs,20,nsubj,_,_
725,17,ook,ook,ADV,BW,_,20,advmod,_,_
726,18,niet,niet,ADV,BW,_,20,advmod,_,_
727,19,zou,zullen,AUX,WW|pv|verl|ev,Number=Sing|Tense=Past|VerbForm=Fin,20,aux,_,_
728,20,terugkeeren,terugkeeren,VERB,WW|inf|vrij|zonder,VerbForm=Inf,11,advcl,_,SpaceAfter=No
729,21,.,.,PUNCT,LET,_,2,punct,_,_
730,1,Maar,maar,CCONJ,VG|neven,_,3,mark,_,_
731,2,hij,hij,PRON,VNW|pers|pron|nomin|vol|3|ev|masc,Case=Nom|Person=3|PronType=Prs,3,nsubj,_,_
732,3,liet,laten,VERB,WW|pv|verl|ev,Number=Sing|Tense=Past|VerbForm=Fin,0,root,_,_
733,4,hem,hem,PRON,VNW|pers|pron|obl|vol|3|ev|masc,Case=Acc|Person=3|PronType=Prs,3,iobj,_,_
734,5,geen,geen,DET,VNW|onbep|det|stan|prenom|zonder|agr,_,6,det,_,_
735,6,rust,rust,NOUN,N|soort|ev|basis|zijd|stan,Gender=Com|Number=Sing,3,obj,_,_
736,7,en,en,CCONJ,VG|neven,_,11,cc,_,_
737,8,eindelijk,eindelijk,ADJ,ADJ|vrij|basis|zonder,Degree=Pos,11,advmod,_,_
738,9,mocht,mogen,AUX,WW|pv|verl|ev,Number=Sing|Tense=Past|VerbForm=Fin,11,aux,_,_
739,10,hij,hij,PRON,VNW|pers|pron|nomin|vol|3|ev|masc,Case=Nom|Person=3|PronType=Prs,11,nsubj,_,_
740,11,gaan,gaan,VERB,WW|inf|vrij|zonder,VerbForm=Inf,3,conj,_,SpaceAfter=No
741,12,.,.,PUNCT,LET,_,3,punct,_,_
742,1,Voor,voor,ADP,VZ|init,_,3,case,_,_
743,2,het,het,DET,LID|bep|stan|evon,Definite=Def,3,det,_,_
744,3,bosch,bosch,NOUN,N|soort|ev|basis|onz|stan,Gender=Neut|Number=Sing,4,obl,_,_
745,4,zat,zitten,VERB,WW|pv|verl|ev,Number=Sing|Tense=Past|VerbForm=Fin,0,root,_,_
746,5,weêr,weêr,ADV,BW,_,4,advmod,_,_
747,6,de,de,DET,LID|bep|stan|rest,Definite=Def,7,det,_,_
748,7,vos,vos,NOUN,N|soort|ev|basis|zijd|stan,Gender=Com|Number=Sing,4,nsubj,_,SpaceAfter=No
749,8,",",",",PUNCT,LET,_,9,punct,_,_
750,9,smeekte,smeken,VERB,WW|pv|verl|ev,Number=Sing|Tense=Past|VerbForm=Fin,4,conj,_,_
751,10,om,om,ADP,VZ|init,_,12,case,_,_
752,11,zijn,zijn,PRON,VNW|bez|det|stan|vol|3|ev|prenom|zonder|agr,Person=3|Poss=Yes|PronType=Prs,12,nmod:poss,_,_
753,12,leven,leven,NOUN,N|soort|ev|basis|onz|stan,Gender=Neut|Number=Sing,9,obl,_,_
754,13,en,en,CCONJ,VG|neven,_,14,cc,_,_
755,14,gaf,geven,VERB,WW|pv|verl|ev,Number=Sing|Tense=Past|VerbForm=Fin,4,conj,_,_
756,15,hem,hem,PRON,VNW|pers|pron|obl|vol|3|ev|masc,Case=Acc|Person=3|PronType=Prs,14,iobj,_,_
757,16,den,den,DET,LID|bep|stan|rest,Definite=Def,18,det,_,_
758,17,goeden,goeden,ADJ,ADJ|prenom|basis|zonder,Degree=Pos,18,amod,_,_
759,18,raad,raad,NOUN,N|soort|ev|basis|zijd|stan,Gender=Com|Number=Sing,14,obj,_,SpaceAfter=No
760,19,.,.,PUNCT,LET,_,4,punct,_,_
761,1,De,de,DET,LID|bep|stan|rest,Definite=Def,2,det,_,_
762,2,jongeling,jongeling,NOUN,N|soort|ev|basis|zijd|stan,Gender=Com|Number=Sing,4,nsubj,_,_
763,3,was,zijn,AUX,WW|pv|verl|ev,Number=Sing|Tense=Past|VerbForm=Fin,4,cop,_,_
764,4,goedhartig,goedhartig,ADJ,ADJ|vrij|basis|zonder,Degree=Pos,0,root,_,_
765,5,en,en,CCONJ,VG|neven,_,6,cc,_,_
766,6,zei,zeggen,VERB,WW|pv|verl|ev,Number=Sing|Tense=Past|VerbForm=Fin,4,conj,_,SpaceAfter=No
767,7,:,:,PUNCT,LET,_,4,punct,_,_
768,1,Wees,wijzen,VERB,WW|pv|tgw|ev,Number=Sing|Tense=Pres|VerbForm=Fin,11,parataxis,_,_
769,2,maar,maar,ADV,BW,_,1,advmod,_,_
770,3,niet,niet,ADV,BW,_,1,advmod,_,_
771,4,bang,bang,ADJ,ADJ|vrij|basis|zonder,Degree=Pos,1,advmod,_,_
772,5,vosje,vos,NOUN,N|soort|ev|dim|onz|stan,Gender=Neut|Number=Sing,1,parataxis,_,SpaceAfter=No
773,6,",",",",PUNCT,LET,_,11,punct,_,_
774,7,ik,ik,PRON,VNW|pers|pron|nomin|vol|1|ev,Case=Nom|Person=1|PronType=Prs,11,nsubj,_,_
775,8,zal,zullen,AUX,WW|pv|tgw|ev,Number=Sing|Tense=Pres|VerbForm=Fin,11,aux,_,_
776,9,je,je,PRON,VNW|pers|pron|nomin|red|2v|ev,Case=Nom|Person=2|PronType=Prs,11,obj,_,_
777,10,niets,niets,PRON,VNW|onbep|pron|stan|vol|3o|ev,Person=3|PronType=Ind,11,obj,_,_
778,11,doen,doen,VERB,WW|inf|vrij|zonder,VerbForm=Inf,0,root,_,SpaceAfter=No
779,12,.,.,PUNCT,LET,_,11,punct,_,_
780,1,Dat,dat,PRON,VNW|aanw|pron|stan|vol|3o|ev,Person=3|PronType=Dem,6,obj,_,_
781,2,zal,zullen,AUX,WW|pv|tgw|ev,Number=Sing|Tense=Pres|VerbForm=Fin,6,aux,_,_
782,3,je,je,PRON,VNW|pers|pron|nomin|red|2v|ev,Case=Nom|Person=2|PronType=Prs,6,nsubj,_,_
783,4,niet,niet,ADV,BW,_,5,advmod,_,_
784,5,"berouwen,","berouwen,",VERB,WW|inf|vrij|zonder,VerbForm=Inf,6,xcomp,_,_
785,6,zei,zeggen,VERB,WW|pv|verl|ev,Number=Sing|Tense=Past|VerbForm=Fin,0,root,_,_
786,7,de,de,DET,LID|bep|stan|rest,Definite=Def,8,det,_,_
787,8,vos,vos,NOUN,N|soort|ev|basis|zijd|stan,Gender=Com|Number=Sing,6,nsubj,_,SpaceAfter=No
788,9,",",",",PUNCT,LET,_,21,punct,_,_
789,10,en,en,CCONJ,VG|neven,_,21,cc,_,_
790,11,om,om,ADP,VZ|init,_,15,mark,_,_
791,12,vlugger,vlug,ADJ,ADJ|vrij|comp|zonder,Degree=Cmp,15,advmod,_,_
792,13,vooruit,vooruit,ADV,BW,_,15,compound:prt,_,_
793,14,te,te,ADP,VZ|init,_,15,mark,_,_
794,15,komen,komen,VERB,WW|inf|vrij|zonder,VerbForm=Inf,22,advcl,_,_
795,16,moet,moeten,AUX,WW|pv|tgw|ev,Number=Sing|Tense=Pres|VerbForm=Fin,21,aux,_,_
796,17,je,je,PRON,VNW|pers|pron|nomin|red|2v|ev,Case=Nom|Person=2|PronType=Prs,21,nsubj,_,_
797,18,op,op,ADP,VZ|init,_,20,case,_,_
798,19,mijn,mijn,PRON,VNW|bez|det|stan|vol|1|ev|prenom|zonder|agr,Person=1|Poss=Yes|PronType=Prs,20,nmod:poss,_,_
799,20,staart,staart,NOUN,N|soort|ev|basis|zijd|stan,Gender=Com|Number=Sing,22,obl,_,_
800,21,gaan,gaan,VERB,WW|inf|vrij|zonder,VerbForm=Inf,6,conj,_,_
801,22,zitten,zitten,VERB,WW|inf|vrij|zonder,VerbForm=Inf,21,xcomp,_,SpaceAfter=No
802,23,.,.,PUNCT,LET,_,6,punct,_,_
803,1,Nauwelijks,nauwelijks,ADV,BW,_,4,advmod,_,_
804,2,was,zijn,AUX,WW|pv|verl|ev,Number=Sing|Tense=Past|VerbForm=Fin,4,aux,_,_
805,3,hij,hij,PRON,VNW|pers|pron|nomin|vol|3|ev|masc,Case=Nom|Person=3|PronType=Prs,4,nsubj,_,_
806,4,gezeten,zitten,VERB,WW|vd|vrij|zonder,VerbForm=Part,0,root,_,SpaceAfter=No
807,5,",",",",PUNCT,LET,_,9,punct,_,_
808,6,of,of,CCONJ,VG|neven,_,9,cc,_,_
809,7,de,de,DET,LID|bep|stan|rest,Definite=Def,8,det,_,_
810,8,vos,vos,NOUN,N|soort|ev|basis|zijd|stan,Gender=Com|Number=Sing,9,nsubj,_,_
811,9,liep,lopen,VERB,WW|pv|verl|ev,Number=Sing|Tense=Past|VerbForm=Fin,4,conj,_,_
812,10,over,over,ADP,VZ|init,_,11,case,_,_
813,11,stok,stok,NOUN,N|soort|ev|basis|zijd|stan,Gender=Com|Number=Sing,9,obl,_,_
814,12,en,en,CCONJ,VG|neven,_,13,cc,_,_
815,13,steen,steen,NOUN,N|soort|ev|basis|zijd|stan,Gender=Com|Number=Sing,11,conj,_,SpaceAfter=No
816,14,",",",",PUNCT,LET,_,18,punct,_,_
817,15,dat,dat,SCONJ,VG|onder,_,18,mark,_,_
818,16,de,de,DET,LID|bep|stan|rest,Definite=Def,17,det,_,_
819,17,haren,haar,NOUN,N|soort|mv|basis,Number=Plur,18,nsubj,_,_
820,18,floten,flieten,VERB,WW|pv|verl|mv,Number=Plur|Tense=Past|VerbForm=Fin,9,advcl,_,_
821,19,in,in,ADP,VZ|init,_,21,case,_,_
822,20,den,den,DET,LID|bep|stan|rest,Definite=Def,21,det,_,_
823,21,wind,wind,NOUN,N|soort|ev|basis|zijd|stan,Gender=Com|Number=Sing,18,obl,_,SpaceAfter=No
824,22,.,.,PUNCT,LET,_,4,punct,_,SpacesAfter=\r\n\r\n\r\n
825,1,Toen,toen,SCONJ,VG|onder,_,6,mark,_,_
826,2,zij,zij,PRON,VNW|pers|pron|nomin|vol|3p|mv,Case=Nom|Person=3|PronType=Prs,6,nsubj,_,_
827,3,bij,bij,ADP,VZ|init,_,5,case,_,_
828,4,het,het,DET,LID|bep|stan|evon,Definite=Def,5,det,_,_
829,5,dorp,dorp,NOUN,N|soort|ev|basis|onz|stan,Gender=Neut|Number=Sing,6,obl,_,_
830,6,waren,zijn,VERB,WW|pv|verl|mv,Number=Plur|Tense=Past|VerbForm=Fin,8,advcl,_,SpaceAfter=No
831,7,",",",",PUNCT,LET,_,6,punct,_,_
832,8,steeg,stijgen,VERB,WW|pv|verl|ev,Number=Sing|Tense=Past|VerbForm=Fin,0,root,_,_
833,9,de,de,DET,LID|bep|stan|rest,Definite=Def,10,det,_,_
834,10,jongeling,jongeling,NOUN,N|soort|ev|basis|zijd|stan,Gender=Com|Number=Sing,8,nsubj,_,_
835,11,af,af,ADP,VZ|fin,_,8,compound:prt,_,_
836,12,en,en,CCONJ,VG|neven,_,13,cc,_,_
837,13,volgde,volgen,VERB,WW|pv|verl|ev,Number=Sing|Tense=Past|VerbForm=Fin,8,conj,_,_
838,14,den,den,DET,LID|bep|stan|rest,Definite=Def,16,det,_,_
839,15,goeden,goeden,ADJ,ADJ|prenom|basis|zonder,Degree=Pos,16,amod,_,_
840,16,raad,raad,NOUN,N|soort|ev|basis|zijd|stan,Gender=Com|Number=Sing,13,obj,_,SpaceAfter=No
841,17,;,;,PUNCT,LET,_,8,punct,_,_
842,1,zonder,zonder,ADP,VZ|init,_,4,mark,_,_
843,2,om,om,ADP,VZ|fin,_,4,compound:prt,_,_
844,3,te,te,ADP,VZ|init,_,4,mark,_,_
845,4,zien,zien,VERB,WW|inf|vrij|zonder,VerbForm=Inf,5,advcl,_,_
846,5,ging,gaan,VERB,WW|pv|verl|ev,Number=Sing|Tense=Past|VerbForm=Fin,0,root,_,_
847,6,hij,hij,PRON,VNW|pers|pron|nomin|vol|3|ev|masc,Case=Nom|Person=3|PronType=Prs,5,nsubj,_,_
848,7,in,in,ADP,VZ|init,_,10,case,_,_
849,8,het,het,DET,LID|bep|stan|evon,Definite=Def,10,det,_,_
850,9,mindere,min,ADJ,ADJ|prenom|basis|met-e|stan,Degree=Pos,10,amod,_,_
851,10,logement,logement,NOUN,N|soort|ev|basis|onz|stan,Gender=Neut|Number=Sing,5,obl,_,SpaceAfter=No
852,11,",",",",PUNCT,LET,_,15,punct,_,_
853,12,waar,waar,ADV,VNW|vb|adv-pron|obl|vol|3o|getal,_,15,advmod,_,_
854,13,hij,hij,PRON,VNW|pers|pron|nomin|vol|3|ev|masc,Case=Nom|Person=3|PronType=Prs,15,nsubj,_,_
855,14,rustig,rustig,ADJ,ADJ|vrij|basis|zonder,Degree=Pos,15,advmod,_,_
856,15,overnachtte,overnachten,VERB,WW|pv|verl|ev,Number=Sing|Tense=Past|VerbForm=Fin,10,acl:relcl,_,SpaceAfter=No
857,16,.,.,PUNCT,LET,_,5,punct,_,_
858,1,Toen,toen,SCONJ,VG|onder,_,7,mark,_,_
859,2,hij,hij,PRON,VNW|pers|pron|nomin|vol|3|ev|masc,Case=Nom|Person=3|PronType=Prs,7,nsubj,_,_
860,3,den,den,DET,LID|bep|stan|rest,Definite=Def,5,det,_,_
861,4,volgenden,volgen,VERB,WW|od|prenom|met-e,VerbForm=Part,5,amod,_,_
862,5,dag,dag,NOUN,N|soort|ev|basis|zijd|stan,Gender=Com|Number=Sing,7,obl,_,_
863,6,buiten,buiten,ADP,VZ|fin,_,7,compound:prt,_,_
864,7,kwam,komen,VERB,WW|pv|verl|ev,Number=Sing|Tense=Past|VerbForm=Fin,8,advcl,_,_
865,8,zat,zitten,VERB,WW|pv|verl|ev,Number=Sing|Tense=Past|VerbForm=Fin,0,root,_,_
866,9,de,de,DET,LID|bep|stan|rest,Definite=Def,10,det,_,_
867,10,vos,vos,NOUN,N|soort|ev|basis|zijd|stan,Gender=Com|Number=Sing,8,nsubj,_,_
868,11,al,al,ADV,BW,_,13,advmod,_,_
869,12,te,te,ADP,VZ|init,_,13,mark,_,_
870,13,wachten,wachten,VERB,WW|inf|vrij|zonder,VerbForm=Inf,8,xcomp,_,_
871,14,en,en,CCONJ,VG|neven,_,15,cc,_,_
872,15,zei,zeggen,VERB,WW|pv|verl|ev,Number=Sing|Tense=Past|VerbForm=Fin,8,conj,_,SpaceAfter=No
873,16,:,:,PUNCT,LET,_,8,punct,_,_
874,1,ik,ik,PRON,VNW|pers|pron|nomin|vol|1|ev,Case=Nom|Person=1|PronType=Prs,5,nsubj,_,_
875,2,zal,zullen,AUX,WW|pv|tgw|ev,Number=Sing|Tense=Pres|VerbForm=Fin,5,aux,_,_
876,3,je,je,PRON,VNW|pers|pron|nomin|red|2v|ev,Case=Acc|Person=2|PronType=Prs,5,iobj,_,_
877,4,verder,verder,ADJ,ADJ|vrij|comp|zonder,Degree=Cmp,5,advmod,_,_
878,5,vertellen,vertellen,VERB,WW|inf|vrij|zonder,VerbForm=Inf,0,root,_,_
879,6,wat,wat,PRON,VNW|vb|pron|stan|vol|3o|ev,Person=3|PronType=Int,9,obj,_,_
880,7,je,je,PRON,VNW|pers|pron|nomin|red|2v|ev,Case=Nom|Person=2|PronType=Prs,9,nsubj,_,_
881,8,te,te,ADP,VZ|init,_,9,mark,_,_
882,9,doen,doen,VERB,WW|inf|vrij|zonder,VerbForm=Inf,5,ccomp,_,_
883,10,hebt,hebben,AUX,WW|pv|tgw|met-t,Number=Sing|Tense=Pres|VerbForm=Fin,9,aux,_,SpaceAfter=No
884,11,.,.,PUNCT,LET,_,5,punct,_,_
885,1,Ga,gaan,VERB,WW|pv|tgw|ev,Number=Sing|Tense=Pres|VerbForm=Fin,12,parataxis,_,_
886,2,maar,maar,ADV,BW,_,1,advmod,_,_
887,3,recht,recht,ADJ,ADJ|vrij|basis|zonder,Degree=Pos,1,advmod,_,_
888,4,uit,uit,ADP,VZ|fin,_,1,compound:prt,_,SpaceAfter=No
889,5,",",",",PUNCT,LET,_,1,punct,_,_
890,6,dan,dan,ADV,BW,_,12,advmod,_,_
891,7,zul,zullen,AUX,WW|pv|tgw|ev,Number=Sing|Tense=Pres|VerbForm=Fin,12,aux,_,_
892,8,je,je,PRON,VNW|pers|pron|nomin|red|2v|ev,Case=Nom|Person=2|PronType=Prs,12,nsubj,_,_
893,9,bij,bij,ADP,VZ|init,_,11,case,_,_
894,10,een,een,DET,LID|onbep|stan|agr,Definite=Ind,11,det,_,_
895,11,kasteel,kasteel,NOUN,N|soort|ev|basis|onz|stan,Gender=Neut|Number=Sing,12,obl,_,_
896,12,komen,komen,VERB,WW|inf|vrij|zonder,VerbForm=Inf,0,root,_,_
897,13,waarvoor,waarvoor,ADV,BW,_,18,advmod,_,_
898,14,een,een,DET,LID|onbep|stan|agr,Definite=Ind,16,det,_,_
899,15,heel,heel,ADJ,ADJ|prenom|basis|zonder,Degree=Pos,16,amod,_,_
900,16,regiment,regiment,NOUN,N|soort|ev|basis|onz|stan,Gender=Neut|Number=Sing,18,nsubj,_,_
901,17,soldaten,soldaat,NOUN,N|soort|mv|basis,Number=Plur,16,nmod,_,_
902,18,ligt,liggen,VERB,WW|pv|tgw|met-t,Number=Sing|Tense=Pres|VerbForm=Fin,11,acl:relcl,_,SpaceAfter=No
903,19,;,;,PUNCT,LET,_,12,punct,_,_
904,1,maar,maar,CCONJ,VG|neven,_,7,mark,_,_
905,2,daar,daar,ADV,VNW|aanw|adv-pron|obl|vol|3o|getal,_,7,obl,_,_
906,3,moet,moeten,AUX,WW|pv|tgw|ev,Number=Sing|Tense=Pres|VerbForm=Fin,7,aux,_,_
907,4,je,je,PRON,VNW|pers|pron|nomin|red|2v|ev,Case=Nom|Person=2|PronType=Prs,7,nsubj,_,_
908,5,niet,niet,ADV,BW,_,7,advmod,_,_
909,6,om,om,ADP,VZ|fin,_,2,case,_,_
910,7,geven,geven,VERB,WW|inf|vrij|zonder,VerbForm=Inf,0,root,_,SpaceAfter=No
911,8,",",",",PUNCT,LET,_,10,punct,_,_
912,9,ze,ze,PRON,VNW|pers|pron|stan|red|3|mv,Person=3|PronType=Prs,10,nsubj,_,_
913,10,liggen,liggen,VERB,WW|pv|tgw|mv,Number=Plur|Tense=Pres|VerbForm=Fin,7,parataxis,_,_
914,11,allemaal,allemaal,ADV,BW,_,13,advmod,_,_
915,12,te,te,ADP,VZ|init,_,13,mark,_,_
916,13,slapen,slapen,VERB,WW|inf|vrij|zonder,VerbForm=Inf,10,xcomp,_,_
917,14,en,en,CCONJ,VG|neven,_,16,cc,_,_
918,15,te,te,ADP,VZ|init,_,16,mark,_,_
919,16,snorken,snorken,VERB,WW|inf|vrij|zonder,VerbForm=Inf,13,conj,_,SpaceAfter=No
920,17,;,;,PUNCT,LET,_,7,punct,_,_
921,1,ga,gaan,VERB,WW|pv|tgw|ev,Number=Sing|Tense=Pres|VerbForm=Fin,0,root,_,_
922,2,er,er,ADV,VNW|aanw|adv-pron|stan|red|3|getal,_,1,obl,_,_
923,3,maar,maar,ADV,BW,_,1,advmod,_,_
924,4,midden,midden,ADV,BW,_,1,advmod,_,_
925,5,tusschen,tusschen,NOUN,N|soort|mv|basis,Number=Plur,1,obj,_,_
926,6,door,door,ADP,VZ|fin,_,2,case,_,_
927,7,en,en,CCONJ,VG|neven,_,8,cc,_,_
928,8,dan,dan,ADV,BW,_,1,conj,_,_
929,9,het,het,DET,LID|bep|stan|evon,Definite=Def,10,det,_,_
930,10,slot,slot,NOUN,N|soort|ev|basis|onz|stan,Gender=Neut|Number=Sing,8,parataxis,_,_
931,11,in,in,ADP,VZ|fin,_,8,parataxis,_,SpaceAfter=No
932,12,",",",",PUNCT,LET,_,15,punct,_,_
933,13,door,door,ADP,VZ|init,_,15,case,_,_
934,14,alle,al,DET,VNW|onbep|det|stan|prenom|met-e|agr,_,15,det,_,_
935,15,kamers,kamer,NOUN,N|soort|mv|basis,Number=Plur,8,parataxis,_,SpaceAfter=No
936,16,",",",",PUNCT,LET,_,23,punct,_,_
937,17,tot,tot,ADP,VZ|init,_,23,mark,_,_
938,18,je,je,PRON,VNW|pers|pron|nomin|red|2v|ev,Case=Nom|Person=2|PronType=Prs,23,nsubj,_,_
939,19,eindelijk,eindelijk,ADJ,ADJ|vrij|basis|zonder,Degree=Pos,23,advmod,_,_
940,20,in,in,ADP,VZ|init,_,22,case,_,_
941,21,een,een,DET,LID|onbep|stan|agr,Definite=Ind,22,det,_,_
942,22,vertrek,vertrek,NOUN,N|soort|ev|basis|onz|stan,Gender=Neut|Number=Sing,23,obl,_,_
943,23,komt,komen,VERB,WW|pv|tgw|met-t,Number=Sing|Tense=Pres|VerbForm=Fin,8,parataxis,_,SpaceAfter=No
944,24,",",",",PUNCT,LET,_,33,punct,_,_
945,25,waar,waar,ADV,VNW|vb|adv-pron|obl|vol|3o|getal,_,33,advmod,_,_
946,26,een,een,DET,LID|onbep|stan|agr,Definite=Ind,28,det,_,_
947,27,gouden,gouden,ADJ,ADJ|prenom|basis|zonder,Degree=Pos,28,amod,_,_
948,28,vogel,vogel,NOUN,N|soort|ev|basis|zijd|stan,Gender=Com|Number=Sing,33,nsubj,_,_
949,29,in,in,ADP,VZ|init,_,32,case,_,_
950,30,een,een,DET,LID|onbep|stan|agr,Definite=Ind,32,det,_,_
951,31,houten,houten,ADJ,ADJ|prenom|basis|zonder,Degree=Pos,32,amod,_,_
952,32,kooi,kooi,NOUN,N|soort|ev|basis|zijd|stan,Gender=Com|Number=Sing,33,obl,_,_
953,33,hangt,hangen,VERB,WW|pv|tgw|met-t,Number=Sing|Tense=Pres|VerbForm=Fin,22,acl:relcl,_,SpaceAfter=No
954,34,.,.,PUNCT,LET,_,1,punct,_,_
955,1,Daar,daar,ADV,VNW|aanw|adv-pron|obl|vol|3o|getal,_,3,obl,_,_
956,2,naast,naast,ADP,VZ|fin,_,1,case,_,_
957,3,staat,staan,VERB,WW|pv|tgw|met-t,Number=Sing|Tense=Pres|VerbForm=Fin,0,root,_,_
958,4,een,een,DET,LID|onbep|stan|agr,Definite=Ind,6,det,_,_
959,5,gouden,gouden,ADJ,ADJ|prenom|basis|zonder,Degree=Pos,6,amod,_,_
960,6,kooi,kooi,NOUN,N|soort|ev|basis|zijd|stan,Gender=Neut|Number=Sing,3,nsubj,_,_
961,7,voor,voor,ADP,VZ|init,_,8,case,_,_
962,8,pronk,pronk,NOUN,N|soort|ev|basis|zijd|stan,Gender=Com|Number=Sing,6,nmod,_,SpaceAfter=No
963,9,",",",",PUNCT,LET,_,12,punct,_,_
964,10,maar,maar,CCONJ,VG|neven,_,12,cc,_,_
965,11,pas,pas,ADV,BW,_,12,amod,_,_
966,12,op,op,ADP,VZ|fin,_,1,case,_,SpaceAfter=No
967,13,",",",",PUNCT,LET,_,23,punct,_,_
968,14,dat,dat,SCONJ,VG|onder,_,23,mark,_,_
969,15,je,je,PRON,VNW|pers|pron|nomin|red|2v|ev,Case=Nom|Person=2|PronType=Prs,23,nsubj,_,_
970,16,den,den,DET,LID|bep|stan|rest,Definite=Def,17,det,_,_
971,17,vogel,vogel,NOUN,N|soort|ev|basis|zijd|stan,Gender=Com|Number=Sing,23,obj,_,_
972,18,niet,niet,ADV,BW,_,23,advmod,_,_
973,19,uit,uit,ADP,VZ|init,_,22,case,_,_
974,20,zijn,zijn,PRON,VNW|bez|det|stan|vol|3|ev|prenom|zonder|agr,Person=3|Poss=Yes|PronType=Prs,22,nmod:poss,_,_
975,21,slechte,slecht,ADJ,ADJ|prenom|basis|met-e|stan,Degree=Pos,22,amod,_,_
976,22,kooi,kooi,NOUN,N|soort|ev|basis|zijd|stan,Gender=Com|Number=Sing,23,obl,_,_
977,23,neemt,nemen,VERB,WW|pv|tgw|met-t,Number=Sing|Tense=Pres|VerbForm=Fin,11,parataxis,_,_
978,24,en,en,CCONJ,VG|neven,_,28,cc,_,_
979,25,in,in,ADP,VZ|init,_,27,case,_,_
980,26,de,de,DET,LID|bep|stan|rest,Definite=Def,27,det,_,_
981,27,pronkkooi,pronkkooi,NOUN,N|soort|ev|basis|zijd|stan,Gender=Com|Number=Sing,28,obl,_,_
982,28,zet,zetten,VERB,WW|pv|tgw|ev,Number=Sing|Tense=Pres|VerbForm=Fin,23,conj,_,SpaceAfter=No
983,29,",",",",PUNCT,LET,_,36,punct,_,_
984,30,of,of,CCONJ,VG|neven,_,36,cc,_,_
985,31,het,het,PRON,VNW|pers|pron|stan|red|3|ev|onz,Person=3|PronType=Prs,36,nsubj,_,_
986,32,kon,kunnen,AUX,WW|pv|verl|ev,Number=Sing|Tense=Past|VerbForm=Fin,36,aux,_,_
987,33,slecht,slecht,ADJ,ADJ|vrij|basis|zonder,Degree=Pos,36,advmod,_,_
988,34,met,met,ADP,VZ|init,_,35,case,_,_
989,35,je,je,PRON,VNW|pr|pron|obl|red|2v|getal,Case=Acc|Person=2|PronType=Prs,36,obl,_,_
990,36,afloopen,afloopen,VERB,WW|inf|vrij|zonder,VerbForm=Inf,23,conj,_,SpaceAfter=No
991,37,.,.,PUNCT,LET,_,3,punct,_,_
992,1,Toen,toen,ADV,BW,_,2,advmod,_,_
993,2,strekte,strekken,VERB,WW|pv|verl|ev,Number=Sing|Tense=Past|VerbForm=Fin,0,root,_,_
994,3,de,de,DET,LID|bep|stan|rest,Definite=Def,4,det,_,_
995,4,vos,vos,NOUN,N|soort|ev|basis|zijd|stan,Gender=Com|Number=Sing,2,nsubj,_,_
996,5,weêr,weêr,ADV,BW,_,2,advmod,_,_
997,6,zijn,zijn,PRON,VNW|bez|det|stan|vol|3|ev|prenom|zonder|agr,Person=3|Poss=Yes|PronType=Prs,7,nmod:poss,_,_
998,7,staart,staart,NOUN,N|soort|ev|basis|zijd|stan,Gender=Com|Number=Sing,2,obj,_,_
999,8,uit,uit,ADP,VZ|fin,_,2,compound:prt,_,_
1000,9,en,en,CCONJ,VG|neven,_,12,cc,_,_
1001,10,de,de,DET,LID|bep|stan|rest,Definite=Def,11,det,_,_
1002,11,prins,prins,NOUN,N|soort|ev|basis|zijd|stan,Gender=Com|Number=Sing,12,nsubj,_,_
1003,12,ging,gaan,VERB,WW|pv|verl|ev,Number=Sing|Tense=Past|VerbForm=Fin,2,conj,_,_
1004,13,er,er,ADV,VNW|aanw|adv-pron|stan|red|3|getal,_,15,obl,_,_
1005,14,op,op,ADP,VZ|fin,_,13,case,_,_
1006,15,zitten,zitten,VERB,WW|inf|vrij|zonder,VerbForm=Inf,12,xcomp,_,SpaceAfter=No
1007,16,",",",",PUNCT,LET,_,19,punct,_,_
1008,17,en,en,CCONJ,VG|neven,_,19,cc,_,_
1009,18,het,het,PRON,VNW|pers|pron|stan|red|3|ev|onz,Person=3|PronType=Prs,19,nsubj,_,_
1010,19,ging,gaan,VERB,WW|pv|verl|ev,Number=Sing|Tense=Past|VerbForm=Fin,2,conj,_,_
1011,20,over,over,ADP,VZ|init,_,21,case,_,_
1012,21,stok,stok,NOUN,N|soort|ev|basis|zijd|stan,Gender=Com|Number=Sing,19,obl,_,_
1013,22,en,en,CCONJ,VG|neven,_,23,cc,_,_
1014,23,steen,steen,NOUN,N|soort|ev|basis|zijd|stan,Gender=Com|Number=Sing,21,conj,_,SpaceAfter=No
1015,24,",",",",PUNCT,LET,_,28,punct,_,_
1016,25,dat,dat,SCONJ,VG|onder,_,28,mark,_,_
1017,26,de,de,DET,LID|bep|stan|rest,Definite=Def,27,det,_,_
1018,27,haren,haar,NOUN,N|soort|mv|basis,Number=Plur,28,nsubj,_,_
1019,28,floten,flieten,VERB,WW|pv|verl|mv,Number=Plur|Tense=Past|VerbForm=Fin,19,csubj,_,_
1020,29,in,in,ADP,VZ|init,_,31,case,_,_
1021,30,den,den,DET,LID|bep|stan|rest,Definite=Def,31,det,_,_
1022,31,wind,wind,NOUN,N|soort|ev|basis|zijd|stan,Gender=Com|Number=Sing,28,obl,_,SpaceAfter=No
1023,32,.,.,PUNCT,LET,_,2,punct,_,SpaceAfter=No
